name	path	origin	status	url	bytes	sha256	md5	sequences	bases	records	region	downloaded_utc	purpose
GCF_000005845.2	data/A_pplacer/W1/GCF_000005845.2.fna.gz	download_or_remote_region_extract	COMPLETE	https://ftp.ncbi.nlm.nih.gov/genomes/all/GCF/000/005/845/GCF_000005845.2_ASM584v2/GCF_000005845.2_ASM584v2_genomic.fna.gz	1379902	a96d3cfa58c88d477013c768f90a11d2386d42a70d566abfb6d9013dcbd24255		1	4641652			2026-09-27T21:01:20.702482+00:00	GTDB-Tk W1 real genome workload
GCA_978178315.1	data/A_pplacer/W2/GCA_978178315.1.fna.gz	download_or_remote_region_extract	COMPLETE	https://ftp.ncbi.nlm.nih.gov/genomes/all/GCA/978/178/315/GCA_978178315.1_HUMAGS_038277/GCA_978178315.1_HUMAGS_038277_genomic.fna.gz	742847	7d3f5880fbaa8ed55c601d9ca9050de7bdbb61caa2913da723f6412c2100e2ea		5	2509143			2026-09-27T21:02:58.788662+00:00	GTDB-Tk W2 real genome workload
GCA_978231525.1	data/A_pplacer/W2/GCA_978231525.1.fna.gz	download_or_remote_region_extract	COMPLETE	https://ftp.ncbi.nlm.nih.gov/genomes/all/GCA/978/231/525/GCA_978231525.1_HUMAGS_043335/GCA_978231525.1_HUMAGS_043335_genomic.fna.gz	616649	58ab935e304e2e54b839160942e97b82d6c676a8f0ef88f1cbf3623877663ffd		7	2082211			2026-09-27T21:02:56.957054+00:00	GTDB-Tk W2 real genome workload
GCA_978242255.1	data/A_pplacer/W2/GCA_978242255.1.fna.gz	download_or_remote_region_extract	COMPLETE	https://ftp.ncbi.nlm.nih.gov/genomes/all/GCA/978/242/255/GCA_978242255.1_HUMAGS_044632/GCA_978242255.1_HUMAGS_044632_genomic.fna.gz	633100	f518d1ec11e213c810cd16015a9890a0d4b8a8afe53d8ddf03a1935d4b9a7c1c		12	2191178			2026-09-27T21:03:58.016064+00:00	GTDB-Tk W2 real genome workload
GCA_978624895.1	data/A_pplacer/W2/GCA_978624895.1.fna.gz	download_or_remote_region_extract	COMPLETE	https://ftp.ncbi.nlm.nih.gov/genomes/all/GCA/978/624/895/GCA_978624895.1_HUMAGS_089615/GCA_978624895.1_HUMAGS_089615_genomic.fna.gz	832002	b6438acecb882cd8919adb2318c186339d07675b25b09fc55594618db26d2f79		21	2808327			2026-09-27T21:03:42.076344+00:00	GTDB-Tk W2 real genome workload
GCA_978716815.1	data/A_pplacer/W2/GCA_978716815.1.fna.gz	download_or_remote_region_extract	COMPLETE	https://ftp.ncbi.nlm.nih.gov/genomes/all/GCA/978/716/815/GCA_978716815.1_HUMAGS_104001/GCA_978716815.1_HUMAGS_104001_genomic.fna.gz	582579	d36ceea4d355ff07db525ed276010e3c16372a3fe124a66d4a8e8005ee3f585a		9	1963734			2026-09-27T21:03:30.424513+00:00	GTDB-Tk W2 real genome workload
GCA_978742945.1	data/A_pplacer/W2/GCA_978742945.1.fna.gz	download_or_remote_region_extract	COMPLETE	https://ftp.ncbi.nlm.nih.gov/genomes/all/GCA/978/742/945/GCA_978742945.1_HUMAGS_095965/GCA_978742945.1_HUMAGS_095965_genomic.fna.gz	671511	c4b2742ede14f234e4f662349972b1b697cd3875b4aae84e37b693ced6163258		21	2261136			2026-09-27T21:04:21.172276+00:00	GTDB-Tk W2 real genome workload
GCA_978774685.1	data/A_pplacer/W2/GCA_978774685.1.fna.gz	download_or_remote_region_extract	COMPLETE	https://ftp.ncbi.nlm.nih.gov/genomes/all/GCA/978/774/685/GCA_978774685.1_HUMAGS_111286/GCA_978774685.1_HUMAGS_111286_genomic.fna.gz	595438	0a5e857877ceeda78485ce8b84d3fd985725a27077dcd9a0eca7e4d9247869ab		11	2008553			2026-09-27T21:03:21.279681+00:00	GTDB-Tk W2 real genome workload
GCA_979050985.1	data/A_pplacer/W2/GCA_979050985.1.fna.gz	download_or_remote_region_extract	COMPLETE	https://ftp.ncbi.nlm.nih.gov/genomes/all/GCA/979/050/985/GCA_979050985.1_HUMAGS_108459/GCA_979050985.1_HUMAGS_108459_genomic.fna.gz	897057	8c4e8a24872891b51b3ec33ca1779cc2a3dabe0753aa6b2ba80aee1b3dfd404b		29	3012133			2026-09-27T21:04:29.537957+00:00	GTDB-Tk W2 real genome workload
GCA_979114875.1	data/A_pplacer/W2/GCA_979114875.1.fna.gz	download_or_remote_region_extract	COMPLETE	https://ftp.ncbi.nlm.nih.gov/genomes/all/GCA/979/114/875/GCA_979114875.1_HUMAGS_142216/GCA_979114875.1_HUMAGS_142216_genomic.fna.gz	554356	331c5106cfa6f4fb2f8eb7916af850678b09bdb312cb022e8b5f05cc77eadb3a		14	1865315			2026-09-27T21:03:24.076186+00:00	GTDB-Tk W2 real genome workload
GCA_979339975.1	data/A_pplacer/W2/GCA_979339975.1.fna.gz	download_or_remote_region_extract	COMPLETE	https://ftp.ncbi.nlm.nih.gov/genomes/all/GCA/979/339/975/GCA_979339975.1_HUMAGS_161202/GCA_979339975.1_HUMAGS_161202_genomic.fna.gz	577191	ba3cf6a7780ac00285078abac9883686e3073b51359b65bba472c9f765846246		12	1946018			2026-09-27T21:03:36.377386+00:00	GTDB-Tk W2 real genome workload
GCA_979363785.1	data/A_pplacer/W2/GCA_979363785.1.fna.gz	download_or_remote_region_extract	COMPLETE	https://ftp.ncbi.nlm.nih.gov/genomes/all/GCA/979/363/785/GCA_979363785.1_HUMAGS_163537/GCA_979363785.1_HUMAGS_163537_genomic.fna.gz	308440	1c176fce56af9bf6dc15593d24abd1d1c887cd1aa7ecba0e1687c572f02b1ffa		8	1097930			2026-09-27T21:04:01.442666+00:00	GTDB-Tk W2 real genome workload
GCA_979458085.1	data/A_pplacer/W2/GCA_979458085.1.fna.gz	download_or_remote_region_extract	COMPLETE	https://ftp.ncbi.nlm.nih.gov/genomes/all/GCA/979/458/085/GCA_979458085.1_HUMAGS_173754/GCA_979458085.1_HUMAGS_173754_genomic.fna.gz	588722	617bdba89e8961dcf5293e2948c416f0c07c3cabb951a985cb7c24951ae10199		13	1985777			2026-09-27T21:03:34.748797+00:00	GTDB-Tk W2 real genome workload
GCA_979483485.1	data/A_pplacer/W2/GCA_979483485.1.fna.gz	download_or_remote_region_extract	COMPLETE	https://ftp.ncbi.nlm.nih.gov/genomes/all/GCA/979/483/485/GCA_979483485.1_HUMAGS_176111/GCA_979483485.1_HUMAGS_176111_genomic.fna.gz	577978	f47cdd3b7b790084b66b0bcd413686cba9d6ce6cd751f15c508d92297fea9159		12	1946334			2026-09-27T21:04:24.158588+00:00	GTDB-Tk W2 real genome workload
GCA_979495575.1	data/A_pplacer/W2/GCA_979495575.1.fna.gz	download_or_remote_region_extract	COMPLETE	https://ftp.ncbi.nlm.nih.gov/genomes/all/GCA/979/495/575/GCA_979495575.1_HUMAGS_178375/GCA_979495575.1_HUMAGS_178375_genomic.fna.gz	563322	341074d9b470fefcbe5555ddfce70fb31fb4acef33f4aecf062511298138faf3		6	1902250			2026-09-27T21:03:02.346719+00:00	GTDB-Tk W2 real genome workload
GCA_979495765.1	data/A_pplacer/W2/GCA_979495765.1.fna.gz	download_or_remote_region_extract	COMPLETE	https://ftp.ncbi.nlm.nih.gov/genomes/all/GCA/979/495/765/GCA_979495765.1_HUMAGS_178426/GCA_979495765.1_HUMAGS_178426_genomic.fna.gz	323645	36807c177eacf0247cb49032f5eebd08934e2d1bdccb401c850c52fa734618ef		22	1124461			2026-09-27T21:03:45.279617+00:00	GTDB-Tk W2 real genome workload
GCA_979521015.1	data/A_pplacer/W2/GCA_979521015.1.fna.gz	download_or_remote_region_extract	COMPLETE	https://ftp.ncbi.nlm.nih.gov/genomes/all/GCA/979/521/015/GCA_979521015.1_HUMAGS_179885/GCA_979521015.1_HUMAGS_179885_genomic.fna.gz	330858	d2253b6f407acc43068619a3ad9d46198a74bc402853aaf1fd945197cbe76246		9	1182360			2026-09-27T21:04:13.888854+00:00	GTDB-Tk W2 real genome workload
GCA_979521425.1	data/A_pplacer/W2/GCA_979521425.1.fna.gz	download_or_remote_region_extract	COMPLETE	https://ftp.ncbi.nlm.nih.gov/genomes/all/GCA/979/521/425/GCA_979521425.1_HUMAGS_179880/GCA_979521425.1_HUMAGS_179880_genomic.fna.gz	314843	d32d1611a07a12a0b895a4d9c66081083cbcc60772072477f3946940a9e9615f		4	1126653			2026-09-27T21:03:10.267128+00:00	GTDB-Tk W2 real genome workload
GCA_979535645.1	data/A_pplacer/W2/GCA_979535645.1.fna.gz	download_or_remote_region_extract	COMPLETE	https://ftp.ncbi.nlm.nih.gov/genomes/all/GCA/979/535/645/GCA_979535645.1_HUMAGS_181560/GCA_979535645.1_HUMAGS_181560_genomic.fna.gz	572639	dfe48fcc7f22b6b740231b2dbb5c6816523864e71a6935d8cdc13e4f6c74a124		10	1955062			2026-09-27T21:04:07.708752+00:00	GTDB-Tk W2 real genome workload
GCA_979549175.1	data/A_pplacer/W2/GCA_979549175.1.fna.gz	download_or_remote_region_extract	COMPLETE	https://ftp.ncbi.nlm.nih.gov/genomes/all/GCA/979/549/175/GCA_979549175.1_HUMAGS_182897/GCA_979549175.1_HUMAGS_182897_genomic.fna.gz	662331	d005625df39df7a1100a77a204ddbeb596f574805db655eeaac6c87403e66bed		8	2234977			2026-09-27T21:03:06.630851+00:00	GTDB-Tk W2 real genome workload
GCA_979770065.1	data/A_pplacer/W2/GCA_979770065.1.fna.gz	download_or_remote_region_extract	COMPLETE	https://ftp.ncbi.nlm.nih.gov/genomes/all/GCA/979/770/065/GCA_979770065.1_HUMAGS_194145/GCA_979770065.1_HUMAGS_194145_genomic.fna.gz	308455	68bd826470fc234c409d61558ed432fa06ccfac1b32d752f0413080fc6df7753		3	1028673			2026-09-27T21:03:34.805666+00:00	GTDB-Tk W2 real genome workload
GCA_979770075.1	data/A_pplacer/W2/GCA_979770075.1.fna.gz	download_or_remote_region_extract	COMPLETE	https://ftp.ncbi.nlm.nih.gov/genomes/all/GCA/979/770/075/GCA_979770075.1_HUMAGS_194147/GCA_979770075.1_HUMAGS_194147_genomic.fna.gz	599903	d4add6dac906643cdf47cf12d0adb51870379cf9eae3c910e81e0c08b501f05e		7	2021447			2026-09-27T21:04:16.179406+00:00	GTDB-Tk W2 real genome workload
GCA_979770245.1	data/A_pplacer/W2/GCA_979770245.1.fna.gz	download_or_remote_region_extract	COMPLETE	https://ftp.ncbi.nlm.nih.gov/genomes/all/GCA/979/770/245/GCA_979770245.1_HUMAGS_194182/GCA_979770245.1_HUMAGS_194182_genomic.fna.gz	632341	c4e86904dd61aa22aa7165a8451094e99473663b4734c71079d9db48a091eb4f		14	2130474			2026-09-27T21:04:20.382238+00:00	GTDB-Tk W2 real genome workload
GCA_979903315.1	data/A_pplacer/W2/GCA_979903315.1.fna.gz	download_or_remote_region_extract	COMPLETE	https://ftp.ncbi.nlm.nih.gov/genomes/all/GCA/979/903/315/GCA_979903315.1_HUMAGS_207567/GCA_979903315.1_HUMAGS_207567_genomic.fna.gz	724164	b8c9520f7906cfafd5e97f44bf3e4d600722303eb2ddd8bdbf284ecacf4f8c8d		20	2486804			2026-09-27T21:03:44.435890+00:00	GTDB-Tk W2 real genome workload
GCA_979956835.1	data/A_pplacer/W2/GCA_979956835.1.fna.gz	download_or_remote_region_extract	COMPLETE	https://ftp.ncbi.nlm.nih.gov/genomes/all/GCA/979/956/835/GCA_979956835.1_HUMAGS_212898/GCA_979956835.1_HUMAGS_212898_genomic.fna.gz	675324	afff417c46c6b0b06b7ec028359a9354bcc54f5a15236f00b10a218c4b01c01c		39	2284452			2026-09-27T21:04:06.387033+00:00	GTDB-Tk W2 real genome workload
GCA_980020985.1	data/A_pplacer/W2/GCA_980020985.1.fna.gz	download_or_remote_region_extract	COMPLETE	https://ftp.ncbi.nlm.nih.gov/genomes/all/GCA/980/020/985/GCA_980020985.1_HUMAGS_219758/GCA_980020985.1_HUMAGS_219758_genomic.fna.gz	673604	e08dcaf3696fa4d431a5d12bb2d3ef30616ef8be1e4097fd9b8906b58b420e7b		19	2273208			2026-09-27T21:04:18.166549+00:00	GTDB-Tk W2 real genome workload
GCA_982287325.1	data/A_pplacer/W2/GCA_982287325.1.fna.gz	download_or_remote_region_extract	COMPLETE	https://ftp.ncbi.nlm.nih.gov/genomes/all/GCA/982/287/325/GCA_982287325.1_ERS12516994-metaspades_024/GCA_982287325.1_ERS12516994-metaspades_024_genomic.fna.gz	314222	7ea6b64dd52acf282548c05e3d9d864913df814ee3a7665756b6f53d08654bbe		7	1043663			2026-09-27T21:03:43.634750+00:00	GTDB-Tk W2 real genome workload
GCA_984387745.1	data/A_pplacer/W2/GCA_984387745.1.fna.gz	download_or_remote_region_extract	COMPLETE	https://ftp.ncbi.nlm.nih.gov/genomes/all/GCA/984/387/745/GCA_984387745.1_TARA_SAMEA6034237_MAG_00000062/GCA_984387745.1_TARA_SAMEA6034237_MAG_00000062_genomic.fna.gz	897170	e60fcd3cd5747207ab60ab29289ba2baf0a5424213f5c99541f238340122cb3d		14	3061660			2026-09-27T21:03:41.042335+00:00	GTDB-Tk W2 real genome workload
GCA_984676855.1	data/A_pplacer/W2/GCA_984676855.1.fna.gz	download_or_remote_region_extract	COMPLETE	https://ftp.ncbi.nlm.nih.gov/genomes/all/GCA/984/676/855/GCA_984676855.1_HUMAGS_012610/GCA_984676855.1_HUMAGS_012610_genomic.fna.gz	299865	4b4f6149c10dd7f699715b5e3c3295e24e0e16ffb8a472db5a462dee5b1e4caa		7	1037094			2026-09-27T21:04:09.822071+00:00	GTDB-Tk W2 real genome workload
GCA_984796925.1	data/A_pplacer/W2/GCA_984796925.1.fna.gz	download_or_remote_region_extract	COMPLETE	https://ftp.ncbi.nlm.nih.gov/genomes/all/GCA/984/796/925/GCA_984796925.1_MGYG000271123/GCA_984796925.1_MGYG000271123_genomic.fna.gz	1009583	bd0cefda87c4c6d41716dabd60237890ad5b00b362389843fcfbc8977aa3f189		41	3377614			2026-09-27T21:04:07.856445+00:00	GTDB-Tk W2 real genome workload
GCA_984797905.1	data/A_pplacer/W2/GCA_984797905.1.fna.gz	download_or_remote_region_extract	COMPLETE	https://ftp.ncbi.nlm.nih.gov/genomes/all/GCA/984/797/905/GCA_984797905.1_MGYG000242427/GCA_984797905.1_MGYG000242427_genomic.fna.gz	485895	61a915945f04d0d4bb26bdb3472e8adc3233261dfb233d5ca99d18399d9f5512		13	1698853			2026-09-27T21:04:16.281478+00:00	GTDB-Tk W2 real genome workload
GCA_984798295.1	data/A_pplacer/W2/GCA_984798295.1.fna.gz	download_or_remote_region_extract	COMPLETE	https://ftp.ncbi.nlm.nih.gov/genomes/all/GCA/984/798/295/GCA_984798295.1_MGYG000073796/GCA_984798295.1_MGYG000073796_genomic.fna.gz	801248	e0645e272ee07d754b63fbbd8bacf26e4535db23dd81d14f6699f2e37cf73093		21	2679741			2026-09-27T21:03:18.507496+00:00	GTDB-Tk W2 real genome workload
GCA_984798555.1	data/A_pplacer/W2/GCA_984798555.1.fna.gz	download_or_remote_region_extract	COMPLETE	https://ftp.ncbi.nlm.nih.gov/genomes/all/GCA/984/798/555/GCA_984798555.1_MGYG000156309/GCA_984798555.1_MGYG000156309_genomic.fna.gz	582909	9be84cdeff4f314ed622158ed8440962b7e307062b8ad4cb2bdae99842e3ba2a		18	2000215			2026-09-27T21:04:02.512360+00:00	GTDB-Tk W2 real genome workload
GCA_985230975.1	data/A_pplacer/W2/GCA_985230975.1.fna.gz	download_or_remote_region_extract	COMPLETE	https://ftp.ncbi.nlm.nih.gov/genomes/all/GCA/985/230/975/GCA_985230975.1_N-MdE-27apr23-035/GCA_985230975.1_N-MdE-27apr23-035_genomic.fna.gz	610168	5b1368651f39884e7b9eb2822c4941023a88a0d129b56ac3905afe2d4a055c2c		1	2051625			2026-09-27T21:01:57.129118+00:00	GTDB-Tk W2 real genome workload
GCA_985340135.1	data/A_pplacer/W2/GCA_985340135.1.fna.gz	download_or_remote_region_extract	COMPLETE	https://ftp.ncbi.nlm.nih.gov/genomes/all/GCA/985/340/135/GCA_985340135.1_b_Mu_19/GCA_985340135.1_b_Mu_19_genomic.fna.gz	1279738	4af1d48013ad44b23d4230bd2330b619e1d33fb96bacdaaa3bb640ad4bd2052c		38	4321893			2026-09-27T21:04:14.129090+00:00	GTDB-Tk W2 real genome workload
GCA_985558365.1	data/A_pplacer/W2/GCA_985558365.1.fna.gz	download_or_remote_region_extract	COMPLETE	https://ftp.ncbi.nlm.nih.gov/genomes/all/GCA/985/558/365/GCA_985558365.1_N-MdE-27apr23-C39-circ/GCA_985558365.1_N-MdE-27apr23-C39-circ_genomic.fna.gz	335649	cff0ab5fbd211a2708d349e54a752d317e1946852fc4d5130b5d9ecda7bd15c4		1	1157831			2026-09-27T21:02:08.328488+00:00	GTDB-Tk W2 real genome workload
GCA_985558875.1	data/A_pplacer/W2/GCA_985558875.1.fna.gz	download_or_remote_region_extract	COMPLETE	https://ftp.ncbi.nlm.nih.gov/genomes/all/GCA/985/558/875/GCA_985558875.1_N-BarE-26apr23-C7-circ/GCA_985558875.1_N-BarE-26apr23-C7-circ_genomic.fna.gz	633647	af9cee374b4a52e24af812c6d22be7dd6877b4f1ef23ca767a6c8ef55b4cb8c6		1	2177867			2026-09-27T21:01:55.292081+00:00	GTDB-Tk W2 real genome workload
GCA_985559165.1	data/A_pplacer/W2/GCA_985559165.1.fna.gz	download_or_remote_region_extract	COMPLETE	https://ftp.ncbi.nlm.nih.gov/genomes/all/GCA/985/559/165/GCA_985559165.1_N-MdE-27apr23-C25-circ/GCA_985559165.1_N-MdE-27apr23-C25-circ_genomic.fna.gz	413499	38d6ef1353004ce2bb13ddbfff96d1ee6efbee4d1524b097732a5857451b6f21		1	1413087			2026-09-27T21:02:04.851921+00:00	GTDB-Tk W2 real genome workload
GCA_986073705.1	data/A_pplacer/W2/GCA_986073705.1.fna.gz	download_or_remote_region_extract	COMPLETE	https://ftp.ncbi.nlm.nih.gov/genomes/all/GCA/986/073/705/GCA_986073705.1_MGYG000194539/GCA_986073705.1_MGYG000194539_genomic.fna.gz	542939	18b2df1c575291e836cab3ffa786a36885cd5742514992a4a85634e56423917c		12	1866835			2026-09-27T21:03:13.161471+00:00	GTDB-Tk W2 real genome workload
GCA_986110635.1	data/A_pplacer/W2/GCA_986110635.1.fna.gz	download_or_remote_region_extract	COMPLETE	https://ftp.ncbi.nlm.nih.gov/genomes/all/GCA/986/110/635/GCA_986110635.1_MGYG000201346/GCA_986110635.1_MGYG000201346_genomic.fna.gz	489913	8c2c46b58d3edbf4b6dbfa6139579b119da8e8ea879244ba3c09b738cefeec5b		15	1712670			2026-09-27T21:03:27.260542+00:00	GTDB-Tk W2 real genome workload
GCA_986110655.1	data/A_pplacer/W2/GCA_986110655.1.fna.gz	download_or_remote_region_extract	COMPLETE	https://ftp.ncbi.nlm.nih.gov/genomes/all/GCA/986/110/655/GCA_986110655.1_MGYG000202151/GCA_986110655.1_MGYG000202151_genomic.fna.gz	1336506	ef9a0f90b1750cbf3c6e3437074ee00a119602194d9e09b50292b6f3b09c5d32		29	4474406			2026-09-27T21:03:52.025747+00:00	GTDB-Tk W2 real genome workload
GCA_986123415.1	data/A_pplacer/W2/GCA_986123415.1.fna.gz	download_or_remote_region_extract	COMPLETE	https://ftp.ncbi.nlm.nih.gov/genomes/all/GCA/986/123/415/GCA_986123415.1_MGYG000203523/GCA_986123415.1_MGYG000203523_genomic.fna.gz	1167240	41d4a55f5e7c617a5cd44c206f8abcbfc4797fdc14c785fc85e3c9e54a35c678		34	3902459			2026-09-27T21:04:19.284597+00:00	GTDB-Tk W2 real genome workload
GCA_986134415.1	data/A_pplacer/W2/GCA_986134415.1.fna.gz	download_or_remote_region_extract	COMPLETE	https://ftp.ncbi.nlm.nih.gov/genomes/all/GCA/986/134/415/GCA_986134415.1_MGYG000204389/GCA_986134415.1_MGYG000204389_genomic.fna.gz	1435863	3223303007d3f4b77c9276db3a17585a1abde0ff83c532687c59bf446a8bf004		34	4810719			2026-09-27T21:03:38.497915+00:00	GTDB-Tk W2 real genome workload
GCA_986140045.1	data/A_pplacer/W2/GCA_986140045.1.fna.gz	download_or_remote_region_extract	COMPLETE	https://ftp.ncbi.nlm.nih.gov/genomes/all/GCA/986/140/045/GCA_986140045.1_MGYG000204761/GCA_986140045.1_MGYG000204761_genomic.fna.gz	1424503	758e112c24c10b90e2a15b4dc969f6543e4cb1aff3d27c66c0482ac859fe0cec		34	4766800			2026-09-27T21:03:59.797075+00:00	GTDB-Tk W2 real genome workload
GCA_986311715.1	data/A_pplacer/W2/GCA_986311715.1.fna.gz	download_or_remote_region_extract	COMPLETE	https://ftp.ncbi.nlm.nih.gov/genomes/all/GCA/986/311/715/GCA_986311715.1_MFD05942.bin.2.1179.r1/GCA_986311715.1_MFD05942.bin.2.1179.r1_genomic.fna.gz	336714	4369fb81fbd655fce063f8a7e0d2c089a20ff3068245ea574874520b1b6534b3		1	1162066			2026-09-27T21:02:07.912363+00:00	GTDB-Tk W2 real genome workload
GCA_986311725.1	data/A_pplacer/W2/GCA_986311725.1.fna.gz	download_or_remote_region_extract	COMPLETE	https://ftp.ncbi.nlm.nih.gov/genomes/all/GCA/986/311/725/GCA_986311725.1_MFD04716.bin.s.240.r1/GCA_986311725.1_MFD04716.bin.s.240.r1_genomic.fna.gz	683337	a47e2746b62cb0fa297486c22780a110b2900d61f00a29c0b38f15d75786ff47		1	2369242			2026-09-27T21:01:46.999582+00:00	GTDB-Tk W2 real genome workload
GCA_986313645.1	data/A_pplacer/W2/GCA_986313645.1.fna.gz	download_or_remote_region_extract	COMPLETE	https://ftp.ncbi.nlm.nih.gov/genomes/all/GCA/986/313/645/GCA_986313645.1_MFD00082.bin.c.23.r1/GCA_986313645.1_MFD00082.bin.c.23.r1_genomic.fna.gz	842081	9d04b152e82a699580b0faecb392447351b6a4dfa0d6991a045ae2dafad22283		1	3016289			2026-09-27T21:01:34.068259+00:00	GTDB-Tk W2 real genome workload
GCA_986313915.1	data/A_pplacer/W2/GCA_986313915.1.fna.gz	download_or_remote_region_extract	COMPLETE	https://ftp.ncbi.nlm.nih.gov/genomes/all/GCA/986/313/915/GCA_986313915.1_MFD05705.bin.c.60.r1/GCA_986313915.1_MFD05705.bin.c.60.r1_genomic.fna.gz	984004	9be5e904031e933dd4736724d94f7140ae9d72713a6bbb273d1618bec8f37e0d		1	3347474			2026-09-27T21:01:34.128136+00:00	GTDB-Tk W2 real genome workload
GCA_986331165.1	data/A_pplacer/W2/GCA_986331165.1.fna.gz	download_or_remote_region_extract	COMPLETE	https://ftp.ncbi.nlm.nih.gov/genomes/all/GCA/986/331/165/GCA_986331165.1_MFD02809.bin.3.1809.r1/GCA_986331165.1_MFD02809.bin.3.1809.r1_genomic.fna.gz	330581	625467d1b0ba5c2da861ff60ccb494d48994eebf457d3e2a4afb25c19379a20e		1	1144121			2026-09-27T21:02:15.472879+00:00	GTDB-Tk W2 real genome workload
GCA_986333005.1	data/A_pplacer/W2/GCA_986333005.1.fna.gz	download_or_remote_region_extract	COMPLETE	https://ftp.ncbi.nlm.nih.gov/genomes/all/GCA/986/333/005/GCA_986333005.1_MFD00082.bin.c.12.r1/GCA_986333005.1_MFD00082.bin.c.12.r1_genomic.fna.gz	471498	c59671fe6b1c8044bbcc2eeb090799e5fbcde6e99275fd5196fd6d3fadff0097		1	1636631			2026-09-27T21:01:58.222896+00:00	GTDB-Tk W2 real genome workload
GCA_986335015.1	data/A_pplacer/W2/GCA_986335015.1.fna.gz	download_or_remote_region_extract	COMPLETE	https://ftp.ncbi.nlm.nih.gov/genomes/all/GCA/986/335/015/GCA_986335015.1_MFD05942.bin.s.308.r1/GCA_986335015.1_MFD05942.bin.s.308.r1_genomic.fna.gz	768900	3d8561c7587f6451c080e15249538e108f0fb7a67e5660f841bc889e4dc82be0		1	2675442			2026-09-27T21:01:36.335524+00:00	GTDB-Tk W2 real genome workload
GCA_986335255.1	data/A_pplacer/W2/GCA_986335255.1.fna.gz	download_or_remote_region_extract	COMPLETE	https://ftp.ncbi.nlm.nih.gov/genomes/all/GCA/986/335/255/GCA_986335255.1_MFD05942.bin.s.118.r1/GCA_986335255.1_MFD05942.bin.s.118.r1_genomic.fna.gz	882327	cc7e3564ee843e701a8656bbae2970f4f8a3e253f1b7c9ed3b700e8f329a8264		1	3062525			2026-09-27T21:01:47.166115+00:00	GTDB-Tk W2 real genome workload
GCA_986336075.1	data/A_pplacer/W2/GCA_986336075.1.fna.gz	download_or_remote_region_extract	COMPLETE	https://ftp.ncbi.nlm.nih.gov/genomes/all/GCA/986/336/075/GCA_986336075.1_MFD04780.bin.c.17.r1/GCA_986336075.1_MFD04780.bin.c.17.r1_genomic.fna.gz	385817	42ed628219d7f44395bf1577f86ef3ecd9ce081d989e1dbbce37b3308680c973		1	1307080			2026-09-27T21:02:05.253560+00:00	GTDB-Tk W2 real genome workload
GCA_986563655.1	data/A_pplacer/W2/GCA_986563655.1.fna.gz	download_or_remote_region_extract	COMPLETE	https://ftp.ncbi.nlm.nih.gov/genomes/all/GCA/986/563/655/GCA_986563655.1_PaGeD_02886/GCA_986563655.1_PaGeD_02886_genomic.fna.gz	1063836	6ab7ab3ab7c77b30746cf526cf3bbfce27a7dab3b8f24a4cf6317173f43787d4		43	3593418			2026-09-27T21:03:05.227648+00:00	GTDB-Tk W2 real genome workload
GCA_986563905.1	data/A_pplacer/W2/GCA_986563905.1.fna.gz	download_or_remote_region_extract	COMPLETE	https://ftp.ncbi.nlm.nih.gov/genomes/all/GCA/986/563/905/GCA_986563905.1_PaGeD_02942/GCA_986563905.1_PaGeD_02942_genomic.fna.gz	1064565	4ecee876ac1d4349af7366a687e73c27f08be9b5eec2a2f013a8664c01c8b1e1		15	3619578			2026-09-27T21:03:20.603353+00:00	GTDB-Tk W2 real genome workload
GCA_986563995.1	data/A_pplacer/W2/GCA_986563995.1.fna.gz	download_or_remote_region_extract	COMPLETE	https://ftp.ncbi.nlm.nih.gov/genomes/all/GCA/986/563/995/GCA_986563995.1_PaGeD_02921/GCA_986563995.1_PaGeD_02921_genomic.fna.gz	1111471	108e4f569f38d33da8c15013e75b89b54072a1068e7e4eaa20c5158c57cb7e39		54	3723042			2026-09-27T21:03:32.710207+00:00	GTDB-Tk W2 real genome workload
GCA_986564005.1	data/A_pplacer/W2/GCA_986564005.1.fna.gz	download_or_remote_region_extract	COMPLETE	https://ftp.ncbi.nlm.nih.gov/genomes/all/GCA/986/564/005/GCA_986564005.1_PaGeD_02881/GCA_986564005.1_PaGeD_02881_genomic.fna.gz	912312	918f9834d8a180238a516d808afb0d64e86d3638b9e24580145dc5e49336098c		20	3080915			2026-09-27T21:03:23.887093+00:00	GTDB-Tk W2 real genome workload
GCA_986704295.1	data/A_pplacer/W2/GCA_986704295.1.fna.gz	download_or_remote_region_extract	COMPLETE	https://ftp.ncbi.nlm.nih.gov/genomes/all/GCA/986/704/295/GCA_986704295.1_MGYG000221440/GCA_986704295.1_MGYG000221440_genomic.fna.gz	482802	10254276f8a1e4537f129fcd1201372cf30e5b4e2564d8b5474c233d06656c9d		12	1658044			2026-09-27T21:03:27.658866+00:00	GTDB-Tk W2 real genome workload
GCA_987199525.1	data/A_pplacer/W2/GCA_987199525.1.fna.gz	download_or_remote_region_extract	COMPLETE	https://ftp.ncbi.nlm.nih.gov/genomes/all/GCA/987/199/525/GCA_987199525.1_H2.31dculturedbin.2_MAG/GCA_987199525.1_H2.31dculturedbin.2_MAG_genomic.fna.gz	673040	a6c1230615dad3085552b139fc543d73039c9ea137781eadbc58480ac0f38214		24	2297239			2026-09-27T21:03:06.454941+00:00	GTDB-Tk W2 real genome workload
GCA_987199695.1	data/A_pplacer/W2/GCA_987199695.1.fna.gz	download_or_remote_region_extract	COMPLETE	https://ftp.ncbi.nlm.nih.gov/genomes/all/GCA/987/199/695/GCA_987199695.1_H1.20dculturedbin.8_MAG/GCA_987199695.1_H1.20dculturedbin.8_MAG_genomic.fna.gz	716568	47aceaef034278298b89f0a97a27bc8566b542dd83277bf3fcf841f0e72782b3		18	2461229			2026-09-27T21:03:46.866642+00:00	GTDB-Tk W2 real genome workload
GCA_987265935.1	data/A_pplacer/W2/GCA_987265935.1.fna.gz	download_or_remote_region_extract	COMPLETE	https://ftp.ncbi.nlm.nih.gov/genomes/all/GCA/987/265/935/GCA_987265935.1_MFD15016.bin.1.386/GCA_987265935.1_MFD15016.bin.1.386_genomic.fna.gz	1312965	fcae68cc8a6380b100b2eb07013fb4a06a3e16f2b601d25820456f33c4ddf06d		2	4491069			2026-09-27T21:02:29.491451+00:00	GTDB-Tk W2 real genome workload
GCA_987308585.1	data/A_pplacer/W2/GCA_987308585.1.fna.gz	download_or_remote_region_extract	COMPLETE	https://ftp.ncbi.nlm.nih.gov/genomes/all/GCA/987/308/585/GCA_987308585.1_ElLoto_MAG_14_v1/GCA_987308585.1_ElLoto_MAG_14_v1_genomic.fna.gz	1338021	a96315579d3e6f9156d0b6341196529139518a08ae5f7a72b066ef029b63a6b8		11	4489196			2026-09-27T21:02:59.956170+00:00	GTDB-Tk W2 real genome workload
GCA_987308665.1	data/A_pplacer/W2/GCA_987308665.1.fna.gz	download_or_remote_region_extract	COMPLETE	https://ftp.ncbi.nlm.nih.gov/genomes/all/GCA/987/308/665/GCA_987308665.1_ElLoto_MAG_28_v1/GCA_987308665.1_ElLoto_MAG_28_v1_genomic.fna.gz	1411155	5c21a59bcddbfc9cef362e016134ac6a942272c24271133ea2fb49667504fd26		9	4724272			2026-09-27T21:02:35.658514+00:00	GTDB-Tk W2 real genome workload
GCA_988057625.1	data/A_pplacer/W2/GCA_988057625.1.fna.gz	download_or_remote_region_extract	COMPLETE	https://ftp.ncbi.nlm.nih.gov/genomes/all/GCA/988/057/625/GCA_988057625.1_MFD15203.bin.2.3299/GCA_988057625.1_MFD15203.bin.2.3299_genomic.fna.gz	1250186	aa92f5c64ce8497c7ab169bca32488f4b5c3687e12f3e1093722c47d05ce6c84		12	4210087			2026-09-27T21:03:07.115381+00:00	GTDB-Tk W2 real genome workload
GCA_988082675.1	data/A_pplacer/W2/GCA_988082675.1.fna.gz	download_or_remote_region_extract	COMPLETE	https://ftp.ncbi.nlm.nih.gov/genomes/all/GCA/988/082/675/GCA_988082675.1_MFD15205.bin.c.126/GCA_988082675.1_MFD15205.bin.c.126_genomic.fna.gz	397800	e6a53b3a59f0f6fdfa315480c9ce02da389b1fab81503ade0c590b5a59531486		1	1358950			2026-09-27T21:02:02.490440+00:00	GTDB-Tk W2 real genome workload
GCA_988110275.1	data/A_pplacer/W2/GCA_988110275.1.fna.gz	download_or_remote_region_extract	COMPLETE	https://ftp.ncbi.nlm.nih.gov/genomes/all/GCA/988/110/275/GCA_988110275.1_MFD15205.bin.c.94/GCA_988110275.1_MFD15205.bin.c.94_genomic.fna.gz	361286	18694ded6092d14d49cc81d905416cd5244f4fbd83bba118fcef59da8720adf6		1	1220766			2026-09-27T21:02:13.215822+00:00	GTDB-Tk W2 real genome workload
GCA_988137735.1	data/A_pplacer/W2/GCA_988137735.1.fna.gz	download_or_remote_region_extract	COMPLETE	https://ftp.ncbi.nlm.nih.gov/genomes/all/GCA/988/137/735/GCA_988137735.1_MFD15113.bin.2.447/GCA_988137735.1_MFD15113.bin.2.447_genomic.fna.gz	1050092	1e8a031a0bf26f8822e73885725264b493354a10599c758422b764269881735a		31	3644929			2026-09-27T21:04:28.689374+00:00	GTDB-Tk W2 real genome workload
GCA_988137935.1	data/A_pplacer/W2/GCA_988137935.1.fna.gz	download_or_remote_region_extract	COMPLETE	https://ftp.ncbi.nlm.nih.gov/genomes/all/GCA/988/137/935/GCA_988137935.1_MFD15113.bin.2.409/GCA_988137935.1_MFD15113.bin.2.409_genomic.fna.gz	1031531	8bffd2888f87995cc6fc84654f900ce903de7b1ef120cbd8c77e22d974315057		5	3563092			2026-09-27T21:02:43.133533+00:00	GTDB-Tk W2 real genome workload
GCA_988138125.1	data/A_pplacer/W2/GCA_988138125.1.fna.gz	download_or_remote_region_extract	COMPLETE	https://ftp.ncbi.nlm.nih.gov/genomes/all/GCA/988/138/125/GCA_988138125.1_MFD15113.bin.2.552/GCA_988138125.1_MFD15113.bin.2.552_genomic.fna.gz	489093	54da5cb881333d0e91434b2aa9bae659dbd3ecc4e0675374529028c3ce9da69a		3	1681629			2026-09-27T21:02:49.706419+00:00	GTDB-Tk W2 real genome workload
GCA_988139145.1	data/A_pplacer/W2/GCA_988139145.1.fna.gz	download_or_remote_region_extract	COMPLETE	https://ftp.ncbi.nlm.nih.gov/genomes/all/GCA/988/139/145/GCA_988139145.1_MFD15113.bin.c.3/GCA_988139145.1_MFD15113.bin.c.3_genomic.fna.gz	698748	2a71b70fe64d5f1b2f38b05e42d76c6308b90135e0a2391b5edeb14f7f47a8ed		1	2505774			2026-09-27T21:01:38.500161+00:00	GTDB-Tk W2 real genome workload
GCA_988139555.1	data/A_pplacer/W2/GCA_988139555.1.fna.gz	download_or_remote_region_extract	COMPLETE	https://ftp.ncbi.nlm.nih.gov/genomes/all/GCA/988/139/555/GCA_988139555.1_MFD15113.bin.c.70/GCA_988139555.1_MFD15113.bin.c.70_genomic.fna.gz	473245	97cf9ca50a399f479cafd31b67f6fc3aed4bdadb170337eeba4064c19215e3e3		1	1596721			2026-09-27T21:01:56.193422+00:00	GTDB-Tk W2 real genome workload
GCA_988140195.1	data/A_pplacer/W2/GCA_988140195.1.fna.gz	download_or_remote_region_extract	COMPLETE	https://ftp.ncbi.nlm.nih.gov/genomes/all/GCA/988/140/195/GCA_988140195.1_MFD15113.bin.3.35374/GCA_988140195.1_MFD15113.bin.3.35374_genomic.fna.gz	1407641	e1d3d5de21d1005a773dcf8a8657e2a9d9b3d16c6719546333a9bd267a3befa2		31	4776699			2026-09-27T21:03:34.479846+00:00	GTDB-Tk W2 real genome workload
GCA_988140505.1	data/A_pplacer/W2/GCA_988140505.1.fna.gz	download_or_remote_region_extract	COMPLETE	https://ftp.ncbi.nlm.nih.gov/genomes/all/GCA/988/140/505/GCA_988140505.1_MFD15113.bin.c.98/GCA_988140505.1_MFD15113.bin.c.98_genomic.fna.gz	420860	d5f9fd15018382728c955f1f8ad6d81c538dc0d8c65ec7757d98e89ccaa75549		1	1433000			2026-09-27T21:01:59.399530+00:00	GTDB-Tk W2 real genome workload
GCA_988140555.1	data/A_pplacer/W2/GCA_988140555.1.fna.gz	download_or_remote_region_extract	COMPLETE	https://ftp.ncbi.nlm.nih.gov/genomes/all/GCA/988/140/555/GCA_988140555.1_MFD15113.bin.s.289/GCA_988140555.1_MFD15113.bin.s.289_genomic.fna.gz	316138	156170d0ce4ff4249837fa84f92f3f737b2f4694c3fbb7aad267937e4435300d		1	1078254			2026-09-27T21:02:15.605393+00:00	GTDB-Tk W2 real genome workload
GCA_988140645.1	data/A_pplacer/W2/GCA_988140645.1.fna.gz	download_or_remote_region_extract	COMPLETE	https://ftp.ncbi.nlm.nih.gov/genomes/all/GCA/988/140/645/GCA_988140645.1_MFD15113.bin.s.113/GCA_988140645.1_MFD15113.bin.s.113_genomic.fna.gz	304036	9e4b730d0525f21553c220f85e5ea9210252a1032d7df463623a41944c257188		1	1032311			2026-09-27T21:02:21.599041+00:00	GTDB-Tk W2 real genome workload
GCA_988141215.1	data/A_pplacer/W2/GCA_988141215.1.fna.gz	download_or_remote_region_extract	COMPLETE	https://ftp.ncbi.nlm.nih.gov/genomes/all/GCA/988/141/215/GCA_988141215.1_MFD15108.bin.c.34/GCA_988141215.1_MFD15108.bin.c.34_genomic.fna.gz	1130177	7c149985f31762c1450fdae5492694941d9a7c9de6874293abddf9c2d11d17d4		1	4017579			2026-09-27T21:01:45.449017+00:00	GTDB-Tk W2 real genome workload
GCA_988145525.1	data/A_pplacer/W2/GCA_988145525.1.fna.gz	download_or_remote_region_extract	COMPLETE	https://ftp.ncbi.nlm.nih.gov/genomes/all/GCA/988/145/525/GCA_988145525.1_MFD15065.bin.c.160/GCA_988145525.1_MFD15065.bin.c.160_genomic.fna.gz	753919	a8ae6011a357a4348e25af9b6317487e9afe736df7fc3da65cbb4a1324a0ab4a		1	2616334			2026-09-27T21:01:39.668884+00:00	GTDB-Tk W2 real genome workload
GCA_988176795.1	data/A_pplacer/W2/GCA_988176795.1.fna.gz	download_or_remote_region_extract	COMPLETE	https://ftp.ncbi.nlm.nih.gov/genomes/all/GCA/988/176/795/GCA_988176795.1_MFD15124.bin.2.3076/GCA_988176795.1_MFD15124.bin.2.3076_genomic.fna.gz	773861	1b07ca7269f0a42fd3a52651189a905cbfdcb073df07b47cb7ee3221dff3a980		20	2603367			2026-09-27T21:03:58.818425+00:00	GTDB-Tk W2 real genome workload
GCA_988176855.1	data/A_pplacer/W2/GCA_988176855.1.fna.gz	download_or_remote_region_extract	COMPLETE	https://ftp.ncbi.nlm.nih.gov/genomes/all/GCA/988/176/855/GCA_988176855.1_MFD15214.bin.1.6961/GCA_988176855.1_MFD15214.bin.1.6961_genomic.fna.gz	371477	9da9e22a817c0272e35d0fbe9fff68869287a48e043217fafc807d39a5de78ec		4	1264009			2026-09-27T21:02:55.061339+00:00	GTDB-Tk W2 real genome workload
GCA_988177705.1	data/A_pplacer/W2/GCA_988177705.1.fna.gz	download_or_remote_region_extract	COMPLETE	https://ftp.ncbi.nlm.nih.gov/genomes/all/GCA/988/177/705/GCA_988177705.1_MFD15214.bin.1.129524/GCA_988177705.1_MFD15214.bin.1.129524_genomic.fna.gz	1166859	4db0832e4831cdbb8cc43bc42c384baee84ca3d98586e9fb77ef715d3e6e89c5		3	4069045			2026-09-27T21:02:26.891163+00:00	GTDB-Tk W2 real genome workload
GCA_988178175.1	data/A_pplacer/W2/GCA_988178175.1.fna.gz	download_or_remote_region_extract	COMPLETE	https://ftp.ncbi.nlm.nih.gov/genomes/all/GCA/988/178/175/GCA_988178175.1_MFD15211.bin.c.169/GCA_988178175.1_MFD15211.bin.c.169_genomic.fna.gz	429908	77fd8e4ae4e095f62dd5b103f6167760ae7f07216f7cdb2e6769aa4dc3b50e39		1	1452494			2026-09-27T21:02:01.770933+00:00	GTDB-Tk W2 real genome workload
GCA_988185505.1	data/A_pplacer/W2/GCA_988185505.1.fna.gz	download_or_remote_region_extract	COMPLETE	https://ftp.ncbi.nlm.nih.gov/genomes/all/GCA/988/185/505/GCA_988185505.1_MFD15213.bin.c.165/GCA_988185505.1_MFD15213.bin.c.165_genomic.fna.gz	349851	ccd47273647f38a33e7a9bebbb30118b57b06d51903872b67a7452a1f8093279		1	1215873			2026-09-27T21:02:07.126700+00:00	GTDB-Tk W2 real genome workload
GCA_988194745.1	data/A_pplacer/W2/GCA_988194745.1.fna.gz	download_or_remote_region_extract	COMPLETE	https://ftp.ncbi.nlm.nih.gov/genomes/all/GCA/988/194/745/GCA_988194745.1_MFD15115.bin.3.96529/GCA_988194745.1_MFD15115.bin.3.96529_genomic.fna.gz	608907	3e0809263a52cb48892a5cafdf7421fef516cc917a81ac480773427ee4df8f75		7	2072731			2026-09-27T21:03:14.809112+00:00	GTDB-Tk W2 real genome workload
GCA_988196085.1	data/A_pplacer/W2/GCA_988196085.1.fna.gz	download_or_remote_region_extract	COMPLETE	https://ftp.ncbi.nlm.nih.gov/genomes/all/GCA/988/196/085/GCA_988196085.1_MFD15213.bin.c.78/GCA_988196085.1_MFD15213.bin.c.78_genomic.fna.gz	459752	f66d740ffd1e1815ab21f407dbff7ba2a496f2f2b76ca1f7affdee0d9955b6fc		1	1544318			2026-09-27T21:01:57.597594+00:00	GTDB-Tk W2 real genome workload
GCA_988200175.1	data/A_pplacer/W2/GCA_988200175.1.fna.gz	download_or_remote_region_extract	COMPLETE	https://ftp.ncbi.nlm.nih.gov/genomes/all/GCA/988/200/175/GCA_988200175.1_MFD15093.bin.c.186/GCA_988200175.1_MFD15093.bin.c.186_genomic.fna.gz	308939	72e77012d7932b27bd5916f58c3169548290b2fbb7781808933f2b719e92f160		1	1036770			2026-09-27T21:02:21.162820+00:00	GTDB-Tk W2 real genome workload
GCA_988201265.1	data/A_pplacer/W2/GCA_988201265.1.fna.gz	download_or_remote_region_extract	COMPLETE	https://ftp.ncbi.nlm.nih.gov/genomes/all/GCA/988/201/265/GCA_988201265.1_MFD15093.bin.c.242/GCA_988201265.1_MFD15093.bin.c.242_genomic.fna.gz	326102	4146e06c4baf93b12116c5c2b6fcd28b5b515cafff848f0a8968e5eeb288c0db		1	1094101			2026-09-27T21:02:18.867135+00:00	GTDB-Tk W2 real genome workload
GCA_988203675.1	data/A_pplacer/W2/GCA_988203675.1.fna.gz	download_or_remote_region_extract	COMPLETE	https://ftp.ncbi.nlm.nih.gov/genomes/all/GCA/988/203/675/GCA_988203675.1_MFD15093.bin.c.178/GCA_988203675.1_MFD15093.bin.c.178_genomic.fna.gz	1462296	40953a75ae6cfeb32150b86235dfc5d5f6d37f7a80a26a558f4158670bd484f3		1	5175846			2026-09-27T21:01:31.471202+00:00	GTDB-Tk W2 real genome workload
GCA_988205755.1	data/A_pplacer/W2/GCA_988205755.1.fna.gz	download_or_remote_region_extract	COMPLETE	https://ftp.ncbi.nlm.nih.gov/genomes/all/GCA/988/205/755/GCA_988205755.1_MFD15054.bin.c.230/GCA_988205755.1_MFD15054.bin.c.230_genomic.fna.gz	388315	85268eed1d099fd3b89b0991a2e39b3f0bfae3ae09fdde1013534e711ae35388		1	1298994			2026-09-27T21:02:04.540520+00:00	GTDB-Tk W2 real genome workload
GCA_988205905.1	data/A_pplacer/W2/GCA_988205905.1.fna.gz	download_or_remote_region_extract	COMPLETE	https://ftp.ncbi.nlm.nih.gov/genomes/all/GCA/988/205/905/GCA_988205905.1_MFD15054.bin.c.233/GCA_988205905.1_MFD15054.bin.c.233_genomic.fna.gz	673960	e71308749061b3e7b87fb10ed4170d70e94b795510df2141617a850df7ca5661		1	2333951			2026-09-27T21:01:47.756070+00:00	GTDB-Tk W2 real genome workload
GCA_988210295.1	data/A_pplacer/W2/GCA_988210295.1.fna.gz	download_or_remote_region_extract	COMPLETE	https://ftp.ncbi.nlm.nih.gov/genomes/all/GCA/988/210/295/GCA_988210295.1_MFD15026.bin.1.10282/GCA_988210295.1_MFD15026.bin.1.10282_genomic.fna.gz	1675827	3c792ec232303fdf71339fe0c37e273b2159168e6ec9d83603ad3c0b59719e03		8	5935505			2026-09-27T21:02:34.394841+00:00	GTDB-Tk W2 real genome workload
GCA_988210375.1	data/A_pplacer/W2/GCA_988210375.1.fna.gz	download_or_remote_region_extract	COMPLETE	https://ftp.ncbi.nlm.nih.gov/genomes/all/GCA/988/210/375/GCA_988210375.1_MFD15026.bin.1.127219/GCA_988210375.1_MFD15026.bin.1.127219_genomic.fna.gz	1160866	5bf0acf9a8bb4a34e6283f7c85b6b633aaf32757e338f1d1f9c20eb287a2234d		5	4021771			2026-09-27T21:02:38.195945+00:00	GTDB-Tk W2 real genome workload
GCA_988210545.1	data/A_pplacer/W2/GCA_988210545.1.fna.gz	download_or_remote_region_extract	COMPLETE	https://ftp.ncbi.nlm.nih.gov/genomes/all/GCA/988/210/545/GCA_988210545.1_MFD15026.bin.1.1582/GCA_988210545.1_MFD15026.bin.1.1582_genomic.fna.gz	1320138	f8a82d5a3beb2673195d3d886eebd0bf92848a3fae1f2ac54f99450953087828		2	4512829			2026-09-27T21:02:25.902122+00:00	GTDB-Tk W2 real genome workload
GCA_988210755.1	data/A_pplacer/W2/GCA_988210755.1.fna.gz	download_or_remote_region_extract	COMPLETE	https://ftp.ncbi.nlm.nih.gov/genomes/all/GCA/988/210/755/GCA_988210755.1_MFD15026.bin.1.181202/GCA_988210755.1_MFD15026.bin.1.181202_genomic.fna.gz	1224781	d8b11c29182a0dbd13e1ccda4d9364e818f76f6ba1ae868ae8502f4219dfa734		26	4238622			2026-09-27T21:03:29.077856+00:00	GTDB-Tk W2 real genome workload
GCA_988211325.1	data/A_pplacer/W2/GCA_988211325.1.fna.gz	download_or_remote_region_extract	COMPLETE	https://ftp.ncbi.nlm.nih.gov/genomes/all/GCA/988/211/325/GCA_988211325.1_MFD15026.bin.1.5942/GCA_988211325.1_MFD15026.bin.1.5942_genomic.fna.gz	1588672	337fe77f37f633c230586ecafdbe3bde6dfdbd35920f88f9653bd603005a789d		9	5458282			2026-09-27T21:02:52.413289+00:00	GTDB-Tk W2 real genome workload
GCA_988212425.1	data/A_pplacer/W2/GCA_988212425.1.fna.gz	download_or_remote_region_extract	COMPLETE	https://ftp.ncbi.nlm.nih.gov/genomes/all/GCA/988/212/425/GCA_988212425.1_MFD15026.bin.2.1871/GCA_988212425.1_MFD15026.bin.2.1871_genomic.fna.gz	951508	8f7bec5851fc643090ddf3a104d05cc5f99b8db30c71c824badb243f5a56b70e		24	3294909			2026-09-27T21:03:09.848077+00:00	GTDB-Tk W2 real genome workload
GCA_988212585.1	data/A_pplacer/W2/GCA_988212585.1.fna.gz	download_or_remote_region_extract	COMPLETE	https://ftp.ncbi.nlm.nih.gov/genomes/all/GCA/988/212/585/GCA_988212585.1_MFD15026.bin.2.86/GCA_988212585.1_MFD15026.bin.2.86_genomic.fna.gz	1301890	8b66d2a84a342f9ba976bac4a9ad5d494526073058f87ed5edda373a6093a04b		4	4545328			2026-09-27T21:02:37.425011+00:00	GTDB-Tk W2 real genome workload
GCA_988212625.1	data/A_pplacer/W2/GCA_988212625.1.fna.gz	download_or_remote_region_extract	COMPLETE	https://ftp.ncbi.nlm.nih.gov/genomes/all/GCA/988/212/625/GCA_988212625.1_MFD15026.bin.3.3374/GCA_988212625.1_MFD15026.bin.3.3374_genomic.fna.gz	412153	e8c0430054dd4d589aafa5f9a563210c1b3ce63c0deb53de57f278e911bb2ba5		1	1404301			2026-09-27T21:02:05.633620+00:00	GTDB-Tk W2 real genome workload
GCA_988212895.1	data/A_pplacer/W2/GCA_988212895.1.fna.gz	download_or_remote_region_extract	COMPLETE	https://ftp.ncbi.nlm.nih.gov/genomes/all/GCA/988/212/895/GCA_988212895.1_MFD15026.bin.2.46/GCA_988212895.1_MFD15026.bin.2.46_genomic.fna.gz	2184416	5410c0618e63215eaee0253b95841bc334f24cd74c955aba2df73c0fe326054f		14	7659563			2026-09-27T21:02:42.336982+00:00	GTDB-Tk W2 real genome workload
GCA_988213515.1	data/A_pplacer/W2/GCA_988213515.1.fna.gz	download_or_remote_region_extract	COMPLETE	https://ftp.ncbi.nlm.nih.gov/genomes/all/GCA/988/213/515/GCA_988213515.1_MFD15026.bin.3.105575/GCA_988213515.1_MFD15026.bin.3.105575_genomic.fna.gz	1128492	a5caa96081279574d8c12ab8868287ebd5f262a7897ac3587f19dbe0df851f40		34	3990001			2026-09-27T21:03:55.211432+00:00	GTDB-Tk W2 real genome workload
GCA_988215105.1	data/A_pplacer/W2/GCA_988215105.1.fna.gz	download_or_remote_region_extract	COMPLETE	https://ftp.ncbi.nlm.nih.gov/genomes/all/GCA/988/215/105/GCA_988215105.1_MFD15026.bin.3.4228/GCA_988215105.1_MFD15026.bin.3.4228_genomic.fna.gz	836703	478a5c38337c878cd3ffbecff4ac03019a3496a44f8832010173476a0dc971d7		5	2807229			2026-09-27T21:02:50.498277+00:00	GTDB-Tk W2 real genome workload
GCA_988215255.1	data/A_pplacer/W2/GCA_988215255.1.fna.gz	download_or_remote_region_extract	COMPLETE	https://ftp.ncbi.nlm.nih.gov/genomes/all/GCA/988/215/255/GCA_988215255.1_MFD15026.bin.2.6508/GCA_988215255.1_MFD15026.bin.2.6508_genomic.fna.gz	2084123	d92898794ebf6f2da850290db1f126c9843834c40a02cb6aeef446408f435264		16	7253805			2026-09-27T21:02:49.238715+00:00	GTDB-Tk W2 real genome workload
GTDBTk_R232	data/A_pplacer/gtdbtk_r232_data.tar.gz	download_or_remote_region_extract	COMPLETE	https://data.ace.uq.edu.au/public/gtdb/data/releases/release232/232.0/auxillary_files/gtdbtk_package/full_package/gtdbtk_r232_data.tar.gz	60806405195	84e3a88ff618a4a0e3433975fb75c6a6e73ee5573e8a08991900bf0c79377454	25a59e0352b1fd150c589f56559767d4					2026-09-28T12:11:00.403261+00:00	GTDB-Tk R232 reference package
dfam40.0.h5	data/B_repeatmodeler/dfam40/dfam40.0.h5.gz	download_or_remote_region_extract	COMPLETE	https://www.dfam.org/releases/Dfam_4.0/families/FamDB/dfam40.0.h5.gz	60708386	bd36979e0500e4fce5e11f4c18ffc09ecb4511626b1028fb6da7bb005cc3fbb3						2026-09-27T20:52:37.839584+00:00	RepeatModeler classification using Dfam curated consensus
dfam40.curated.consensus.0.h5	data/B_repeatmodeler/dfam40/dfam40.curated.consensus.0.h5.gz	download_or_remote_region_extract	COMPLETE	https://www.dfam.org/releases/Dfam_4.0/families/FamDB/dfam40.curated.consensus.0.h5.gz	28260067	6d7452452a561e8609af3c71bc2519dcfde7bbaf504da5775df509819ede0a01						2026-09-27T20:52:59.265903+00:00	RepeatModeler classification using Dfam curated consensus
dmel	data/B_repeatmodeler/dmel.fna.gz	download_or_remote_region_extract	COMPLETE	https://ftp.ncbi.nlm.nih.gov/genomes/all/GCF/000/001/215/GCF_000001215.4_Release_6_plus_ISO1_MT/GCF_000001215.4_Release_6_plus_ISO1_MT_genomic.fna.gz	44235956	e69e907b5e87ce756236dcef93e82001cfd08f1a0ed5f22e36cbbd3a87ebc57d		1870	143726002			2026-09-27T20:42:26.585957+00:00	RepeatModeler realistic genome baseline
rice	data/B_repeatmodeler/rice.fna.gz	download_or_remote_region_extract	COMPLETE	https://ftp.ncbi.nlm.nih.gov/genomes/all/GCF/001/433/935/GCF_001433935.1_IRGSP-1.0/GCF_001433935.1_IRGSP-1.0_genomic.fna.gz	118932090	4ea207c00c56e1393c6745d1cfbb6dbbaa64dab96f52e8bb2f60e8aaf216f34a		58	374422835			2026-09-27T20:42:43.162516+00:00	RepeatModeler realistic genome baseline
ERR356372_1.fastq.gz	data/C_hla/ERR356372_1.fastq.gz	download_or_remote_region_extract	COMPLETE	https://ftp.sra.ebi.ac.uk/vol1/fastq/ERR356/ERR356372/ERR356372_1.fastq.gz	848196937	9da2f41520ed951293bfe6e80e8711aca2af9370b18e245dca8c4dbd6deb5ab4						2026-09-27T23:49:36.760179+00:00	Real NA12878 HLA RNA-seq workload
ERR356372_2.fastq.gz	data/C_hla/ERR356372_2.fastq.gz	download_or_remote_region_extract	COMPLETE	https://ftp.sra.ebi.ac.uk/vol1/fastq/ERR356/ERR356372/ERR356372_2.fastq.gz	875224301	d19941186cfcd18716447c3d7d6c7e9483082530947a041f6745fd4dbe52dde5						2026-09-27T23:49:38.831127+00:00	Real NA12878 HLA RNA-seq workload
HLA_LA_graph	data/C_hla/PRG_MHC_GRCh38_withIMGT.tar.gz	download_or_remote_region_extract	COMPLETE	https://zenodo.org/records/19336310/files/PRG_MHC_GRCh38_withIMGT.tar.gz?download=1	2416510733	8e9c440fff78ac0c43172ecdb39a9b6f2e49bc0986ad5b7719435f9a533a3d38	525a8aa0c7f357bf29fe2c75ef1d477d					2026-09-30T12:02:29.587685+00:00	Official HLA-LA graph reference
WES_NA12878.mapped.ILLUMINA.bwa.CEU.exome.20121211.bam	data/C_hla/WES_NA12878.mapped.ILLUMINA.bwa.CEU.exome.20121211.bam	download_or_remote_region_extract	COMPLETE	https://1000genomes.s3.amazonaws.com/phase3/data/NA12878/exome_alignment/NA12878.mapped.ILLUMINA.bwa.CEU.exome.20121211.bam	17282007379	a18991350d06948a78cc719de45a9c5599d427e9c1abdef802884b6f6902820a						2026-09-27T23:49:33.218223+00:00	Real NA12878 HLA WES workload
WES_NA12878.mapped.ILLUMINA.bwa.CEU.exome.20121211.bam.bai	data/C_hla/WES_NA12878.mapped.ILLUMINA.bwa.CEU.exome.20121211.bam.bai	download_or_remote_region_extract	COMPLETE	https://1000genomes.s3.amazonaws.com/phase3/data/NA12878/exome_alignment/NA12878.mapped.ILLUMINA.bwa.CEU.exome.20121211.bam.bai	8450680	81749b8e04d4ee6028ce59c51f2d87d122a1950fe1d2b58c80c6ea98f460a384						2026-09-27T23:49:33.295888+00:00	Real NA12878 HLA WES workload
WES_NA12878.mapped.ILLUMINA.bwa.CEU.exome.20121211.bam.bas	data/C_hla/WES_NA12878.mapped.ILLUMINA.bwa.CEU.exome.20121211.bam.bas	download_or_remote_region_extract	COMPLETE	https://1000genomes.s3.amazonaws.com/phase3/data/NA12878/exome_alignment/NA12878.mapped.ILLUMINA.bwa.CEU.exome.20121211.bam.bas	603	ad83f1c90c2d6685d7254bbad2ea7770ddb3a1acc8c93dd5cf3e9d5700b3e3e6						2026-09-27T21:51:23.685353+00:00	Real NA12878 HLA WES workload
WES_NA12878.mapped.ILLUMINA.bwa.CEU.exome.20121211.bam.cram.crai	data/C_hla/WES_NA12878.mapped.ILLUMINA.bwa.CEU.exome.20121211.bam.cram.crai	download_or_remote_region_extract	COMPLETE	https://1000genomes.s3.amazonaws.com/phase3/data/NA12878/exome_alignment/NA12878.mapped.ILLUMINA.bwa.CEU.exome.20121211.bam.cram.crai	389603	2bf6a820d7ab2abf08fbd77ba1c694238d50bd6510d1d4d758ea34e5a74b039f						2026-09-27T21:51:23.686802+00:00	Real NA12878 HLA WES workload
WES_NA12878.unmapped.ILLUMINA.bwa.CEU.exome.20121211.bam	data/C_hla/WES_NA12878.unmapped.ILLUMINA.bwa.CEU.exome.20121211.bam	download_or_remote_region_extract	COMPLETE	https://1000genomes.s3.amazonaws.com/phase3/data/NA12878/exome_alignment/NA12878.unmapped.ILLUMINA.bwa.CEU.exome.20121211.bam	436501259	c2f57ee581dd5ef05a7dfafa0be9e37aa1bf0b59f8ed512f66e4b4c4c231a69d						2026-09-27T23:49:34.754036+00:00	Real NA12878 HLA WES workload
WES_NA12878.unmapped.ILLUMINA.bwa.CEU.exome.20121211.bam.bai	data/C_hla/WES_NA12878.unmapped.ILLUMINA.bwa.CEU.exome.20121211.bam.bai	download_or_remote_region_extract	COMPLETE	https://1000genomes.s3.amazonaws.com/phase3/data/NA12878/exome_alignment/NA12878.unmapped.ILLUMINA.bwa.CEU.exome.20121211.bam.bai	1024	9b91e7e5e3a220dbf4bb618b55c26d150fc19152457e990648f3a30c494ace3e						2026-09-27T23:49:34.754494+00:00	Real NA12878 HLA WES workload
WES_NA12878.unmapped.ILLUMINA.bwa.CEU.exome.20121211.bam.bas	data/C_hla/WES_NA12878.unmapped.ILLUMINA.bwa.CEU.exome.20121211.bam.bas	download_or_remote_region_extract	COMPLETE	https://1000genomes.s3.amazonaws.com/phase3/data/NA12878/exome_alignment/NA12878.unmapped.ILLUMINA.bwa.CEU.exome.20121211.bam.bas	536	e3501ee1778b4d7549eed7c0718d475bba99bd0bf4fb1ae5afc5d1794ecfe066						2026-09-27T21:51:24.934981+00:00	Real NA12878 HLA WES workload
WGS_NA12878.mapped.ILLUMINA.bwa.CEU.low_coverage.20121211.bam	data/C_hla/WGS_NA12878.mapped.ILLUMINA.bwa.CEU.low_coverage.20121211.bam	download_or_remote_region_extract	COMPLETE	https://1000genomes.s3.amazonaws.com/phase3/data/NA12878/alignment/NA12878.mapped.ILLUMINA.bwa.CEU.low_coverage.20121211.bam	16218358520	56bd31e7d1b53e05e368796fa3249d34e4590998fdaa8ad9ef6636625808ab82						2026-09-27T23:48:50.649253+00:00	Real NA12878 HLA WGS workload
WGS_NA12878.mapped.ILLUMINA.bwa.CEU.low_coverage.20121211.bam.bai	data/C_hla/WGS_NA12878.mapped.ILLUMINA.bwa.CEU.low_coverage.20121211.bam.bai	download_or_remote_region_extract	COMPLETE	https://1000genomes.s3.amazonaws.com/phase3/data/NA12878/alignment/NA12878.mapped.ILLUMINA.bwa.CEU.low_coverage.20121211.bam.bai	8766440	5edc42f5dc31f1cfaf1aa628e32f7de2e4f34b64f4b8083528f40fd18d518b07						2026-09-27T23:48:50.671419+00:00	Real NA12878 HLA WGS workload
WGS_NA12878.unmapped.ILLUMINA.bwa.CEU.low_coverage.20121211.bam	data/C_hla/WGS_NA12878.unmapped.ILLUMINA.bwa.CEU.low_coverage.20121211.bam	download_or_remote_region_extract	COMPLETE	https://1000genomes.s3.amazonaws.com/phase3/data/NA12878/alignment/NA12878.unmapped.ILLUMINA.bwa.CEU.low_coverage.20121211.bam	360450189	0d4fa45dda69e7964020eadcc041b2971c1ba427881cd0b77ba53329d53db202						2026-09-27T23:48:51.516510+00:00	Real NA12878 HLA WGS workload
WGS_NA12878.unmapped.ILLUMINA.bwa.CEU.low_coverage.20121211.bam.bai	data/C_hla/WGS_NA12878.unmapped.ILLUMINA.bwa.CEU.low_coverage.20121211.bam.bai	download_or_remote_region_extract	COMPLETE	https://1000genomes.s3.amazonaws.com/phase3/data/NA12878/alignment/NA12878.unmapped.ILLUMINA.bwa.CEU.low_coverage.20121211.bam.bai	896	ba79ec17a0c2465967ebea52376d3b64488a34c54c800141c18e941d81560d05						2026-09-27T23:48:51.516894+00:00	Real NA12878 HLA WGS workload
1000G_HLA_truth_20181129	data/C_hla/truth_20181129.tsv	download_or_remote_region_extract	COMPLETE	https://ftp.1000genomes.ebi.ac.uk/vol1/ftp/data_collections/HLA_types/20181129_HLA_types_full_1000_Genomes_Project_panel.txt	202701	570b5cc5523273826a5695452f18b77f8742e568e1e35a34aed5d2a313472e8e						2026-09-27T21:22:46.864860+00:00	Independent published HLA truth; allele resolution must be retained
HG00096	data/D_genomicsdb/HG00096.chr22.g.vcf.gz	download_or_remote_region_extract	COMPLETE	https://1000genomes-dragen.s3.us-west-2.amazonaws.com/data/dragen-3.5.7b/hg38_altaware_nohla-cnv-anchored/HG00096/HG00096.hard-filtered.gvcf.gz	52543282	d394483e87e590472b26b4e788ccfe75a12ea8e619ebcdc43d9ffbff7e481cbf				2557551	chr22	2026-09-27T20:53:22.578633+00:00	Real 1000 Genomes DRAGEN gVCF cohort import benchmark; region extracted without changing records
HG00096_source_index	data/D_genomicsdb/HG00096.source.tbi	download	COMPLETE	https://1000genomes-dragen.s3.us-west-2.amazonaws.com/data/dragen-3.5.7b/hg38_altaware_nohla-cnv-anchored/HG00096/HG00096.hard-filtered.gvcf.gz.tbi	1296419	e231c42854c8ad2c88dbf8e36b6cb44696683a1a177ea3f03920a820c4962a32						2026-09-27T20:49:52.128532+00:00	Upstream tabix index for chr22 extraction
HG00097	data/D_genomicsdb/HG00097.chr22.g.vcf.gz	download_or_remote_region_extract	COMPLETE	https://1000genomes-dragen.s3.us-west-2.amazonaws.com/data/dragen-3.5.7b/hg38_altaware_nohla-cnv-anchored/HG00097/HG00097.hard-filtered.gvcf.gz	57497335	9d53a337771d1fcab0b7f7d225bb9cdad94c7bf34029c70b1758de3532adde74				2847359	chr22	2026-09-27T20:56:42.981339+00:00	Real 1000 Genomes DRAGEN gVCF cohort import benchmark; region extracted without changing records
HG00097_source_index	data/D_genomicsdb/HG00097.source.tbi	download	COMPLETE	https://1000genomes-dragen.s3.us-west-2.amazonaws.com/data/dragen-3.5.7b/hg38_altaware_nohla-cnv-anchored/HG00097/HG00097.hard-filtered.gvcf.gz.tbi	1346312	c04cf50ee213a1fc31c07722e26cdc2562f333e469924d3f56591ba6089ee935						2026-09-27T20:49:51.868532+00:00	Upstream tabix index for chr22 extraction
HG00099	data/D_genomicsdb/HG00099.chr22.g.vcf.gz	download_or_remote_region_extract	COMPLETE	https://1000genomes-dragen.s3.us-west-2.amazonaws.com/data/dragen-3.5.7b/hg38_altaware_nohla-cnv-anchored/HG00099/HG00099.hard-filtered.gvcf.gz	48427443	36bb4c7f86137b05477e33df9c00f29308fd99e35b711d3bdaf54c11289b53cf				2235655	chr22	2026-09-27T20:55:58.911735+00:00	Real 1000 Genomes DRAGEN gVCF cohort import benchmark; region extracted without changing records
HG00099_source_index	data/D_genomicsdb/HG00099.source.tbi	download	COMPLETE	https://1000genomes-dragen.s3.us-west-2.amazonaws.com/data/dragen-3.5.7b/hg38_altaware_nohla-cnv-anchored/HG00099/HG00099.hard-filtered.gvcf.gz.tbi	1333675	fec5e1cd0711bfc40c8d952c53190b3d91ea60ee69d49dc2cf2e0151716ad9c7						2026-09-27T20:49:52.216532+00:00	Upstream tabix index for chr22 extraction
HG00100	data/D_genomicsdb/HG00100.chr22.g.vcf.gz	download_or_remote_region_extract	COMPLETE	https://1000genomes-dragen.s3.us-west-2.amazonaws.com/data/dragen-3.5.7b/hg38_altaware_nohla-cnv-anchored/HG00100/HG00100.hard-filtered.gvcf.gz	62861475	6756bcdf152f04e7f058dbea7ecc8c116965e5533cc5f8d971ce2bea3e57b23d				3216697	chr22	2026-09-27T20:55:57.334502+00:00	Real 1000 Genomes DRAGEN gVCF cohort import benchmark; region extracted without changing records
HG00100_source_index	data/D_genomicsdb/HG00100.source.tbi	download	COMPLETE	https://1000genomes-dragen.s3.us-west-2.amazonaws.com/data/dragen-3.5.7b/hg38_altaware_nohla-cnv-anchored/HG00100/HG00100.hard-filtered.gvcf.gz.tbi	1352727	54cd10cfe0f781fb2f7ebe88c83b4a607d38ef43bb9d34d058ba7be44a827116						2026-09-27T20:49:51.816532+00:00	Upstream tabix index for chr22 extraction
HG00101	data/D_genomicsdb/HG00101.chr22.g.vcf.gz	download_or_remote_region_extract	COMPLETE	https://1000genomes-dragen.s3.us-west-2.amazonaws.com/data/dragen-3.5.7b/hg38_altaware_nohla-cnv-anchored/HG00101/HG00101.hard-filtered.gvcf.gz	58376775	dbb5b98dba093bb57711147aa360c4cd675459cb3c838069bd44ff0c6dd41986				2854215	chr22	2026-09-27T20:56:00.928625+00:00	Real 1000 Genomes DRAGEN gVCF cohort import benchmark; region extracted without changing records
HG00101_source_index	data/D_genomicsdb/HG00101.source.tbi	download	COMPLETE	https://1000genomes-dragen.s3.us-west-2.amazonaws.com/data/dragen-3.5.7b/hg38_altaware_nohla-cnv-anchored/HG00101/HG00101.hard-filtered.gvcf.gz.tbi	1303248	e0d79e10df63b83fd5559d707d83adb30801c165af9643deaf1a5791eb148924						2026-09-27T20:49:55.800534+00:00	Upstream tabix index for chr22 extraction
HG00102	data/D_genomicsdb/HG00102.chr22.g.vcf.gz	download_or_remote_region_extract	COMPLETE	https://1000genomes-dragen.s3.us-west-2.amazonaws.com/data/dragen-3.5.7b/hg38_altaware_nohla-cnv-anchored/HG00102/HG00102.hard-filtered.gvcf.gz	62012756	4051ea68b2fb03aae42b2ade6647c171adf185a45d3a26c72b825ad65d6ca63b				3124432	chr22	2026-09-27T20:59:08.277853+00:00	Real 1000 Genomes DRAGEN gVCF cohort import benchmark; region extracted without changing records
HG00102_source_index	data/D_genomicsdb/HG00102.source.tbi	download	COMPLETE	https://1000genomes-dragen.s3.us-west-2.amazonaws.com/data/dragen-3.5.7b/hg38_altaware_nohla-cnv-anchored/HG00102/HG00102.hard-filtered.gvcf.gz.tbi	1347809	02338feea90e05fad4ac587ef81ce30b3bd2cdbbf7f2fe183f3317a296791f1e						2026-09-27T20:49:53.724533+00:00	Upstream tabix index for chr22 extraction
HG00103	data/D_genomicsdb/HG00103.chr22.g.vcf.gz	download_or_remote_region_extract	COMPLETE	https://1000genomes-dragen.s3.us-west-2.amazonaws.com/data/dragen-3.5.7b/hg38_altaware_nohla-cnv-anchored/HG00103/HG00103.hard-filtered.gvcf.gz	55993924	fbe439c595fea7ccc0ac6e8ca8aea47c1d9410ce6b01055619d7962638d774f3				2753453	chr22	2026-09-27T20:56:45.368393+00:00	Real 1000 Genomes DRAGEN gVCF cohort import benchmark; region extracted without changing records
HG00103_source_index	data/D_genomicsdb/HG00103.source.tbi	download	COMPLETE	https://1000genomes-dragen.s3.us-west-2.amazonaws.com/data/dragen-3.5.7b/hg38_altaware_nohla-cnv-anchored/HG00103/HG00103.hard-filtered.gvcf.gz.tbi	1299101	a8f9c6ec45958643b8e60789eb19d66d707627bdb05ebf70b98025f4355f394a						2026-09-27T20:49:56.088534+00:00	Upstream tabix index for chr22 extraction
HG00105	data/D_genomicsdb/HG00105.chr22.g.vcf.gz	download_or_remote_region_extract	COMPLETE	https://1000genomes-dragen.s3.us-west-2.amazonaws.com/data/dragen-3.5.7b/hg38_altaware_nohla-cnv-anchored/HG00105/HG00105.hard-filtered.gvcf.gz	77844020	42698633b23a08116aa3198133e755123c35b1e394f1cdfa323064bdb1106548				4109583	chr22	2026-09-27T20:58:57.986469+00:00	Real 1000 Genomes DRAGEN gVCF cohort import benchmark; region extracted without changing records
HG00105_source_index	data/D_genomicsdb/HG00105.source.tbi	download	COMPLETE	https://1000genomes-dragen.s3.us-west-2.amazonaws.com/data/dragen-3.5.7b/hg38_altaware_nohla-cnv-anchored/HG00105/HG00105.hard-filtered.gvcf.gz.tbi	1332655	f1e6656f56976507316e5e34cad0ba08f2505f8a934cb0fdaac436dbff6057be						2026-09-27T20:49:54.244533+00:00	Upstream tabix index for chr22 extraction
HG00106	data/D_genomicsdb/HG00106.chr22.g.vcf.gz	download_or_remote_region_extract	COMPLETE	https://1000genomes-dragen.s3.us-west-2.amazonaws.com/data/dragen-3.5.7b/hg38_altaware_nohla-cnv-anchored/HG00106/HG00106.hard-filtered.gvcf.gz	54143484	b5216eba78ca0fbf06393e3ac1503b7020301214f1c08f140b61470dccd167d4				2599370	chr22	2026-09-27T20:59:54.623687+00:00	Real 1000 Genomes DRAGEN gVCF cohort import benchmark; region extracted without changing records
HG00106_source_index	data/D_genomicsdb/HG00106.source.tbi	download	COMPLETE	https://1000genomes-dragen.s3.us-west-2.amazonaws.com/data/dragen-3.5.7b/hg38_altaware_nohla-cnv-anchored/HG00106/HG00106.hard-filtered.gvcf.gz.tbi	1339161	8c300d7bf0f4752b6ad77080655caf871a587d4a0ce366fb4900052689b3e201						2026-09-27T20:49:55.612534+00:00	Upstream tabix index for chr22 extraction
HG00107	data/D_genomicsdb/HG00107.chr22.g.vcf.gz	download_or_remote_region_extract	COMPLETE	https://1000genomes-dragen.s3.us-west-2.amazonaws.com/data/dragen-3.5.7b/hg38_altaware_nohla-cnv-anchored/HG00107/HG00107.hard-filtered.gvcf.gz	58081349	cc06536c493ab4181a7abfc454d4a3b1e5ebb0be9db73209710a7d2cf575fadc				2870418	chr22	2026-09-27T20:57:29.866171+00:00	Real 1000 Genomes DRAGEN gVCF cohort import benchmark; region extracted without changing records
HG00107_source_index	data/D_genomicsdb/HG00107.source.tbi	download	COMPLETE	https://1000genomes-dragen.s3.us-west-2.amazonaws.com/data/dragen-3.5.7b/hg38_altaware_nohla-cnv-anchored/HG00107/HG00107.hard-filtered.gvcf.gz.tbi	1300462	c2e741105ce46df82ed84b91efd62175fd836425e5330fe296c044b128e57f50						2026-09-27T20:49:56.200534+00:00	Upstream tabix index for chr22 extraction
HG00108	data/D_genomicsdb/HG00108.chr22.g.vcf.gz	download_or_remote_region_extract	COMPLETE	https://1000genomes-dragen.s3.us-west-2.amazonaws.com/data/dragen-3.5.7b/hg38_altaware_nohla-cnv-anchored/HG00108/HG00108.hard-filtered.gvcf.gz	63257993	33c77f978ab18b85baafe270bae2ea8d810b1b121a034c438966b5d5a1e0e4bd				3192530	chr22	2026-09-27T21:00:09.794547+00:00	Real 1000 Genomes DRAGEN gVCF cohort import benchmark; region extracted without changing records
HG00108_source_index	data/D_genomicsdb/HG00108.source.tbi	download	COMPLETE	https://1000genomes-dragen.s3.us-west-2.amazonaws.com/data/dragen-3.5.7b/hg38_altaware_nohla-cnv-anchored/HG00108/HG00108.hard-filtered.gvcf.gz.tbi	1309611	955503c3d181a3d8d4a2549f5010d45769d8de33e8f7d1a8f9d6b2df2283ba50						2026-09-27T20:49:57.324535+00:00	Upstream tabix index for chr22 extraction
HG00109	data/D_genomicsdb/HG00109.chr22.g.vcf.gz	download_or_remote_region_extract	COMPLETE	https://1000genomes-dragen.s3.us-west-2.amazonaws.com/data/dragen-3.5.7b/hg38_altaware_nohla-cnv-anchored/HG00109/HG00109.hard-filtered.gvcf.gz	58071603	de41a50b2b816c37b427b4f4dc0fc73720f9074715e718a49909021d2206d1a3				2782017	chr22	2026-09-27T21:00:58.904188+00:00	Real 1000 Genomes DRAGEN gVCF cohort import benchmark; region extracted without changing records
HG00109_source_index	data/D_genomicsdb/HG00109.source.tbi	download	COMPLETE	https://1000genomes-dragen.s3.us-west-2.amazonaws.com/data/dragen-3.5.7b/hg38_altaware_nohla-cnv-anchored/HG00109/HG00109.hard-filtered.gvcf.gz.tbi	1303447	0a2aa6e5815de875d98988c531f2e350681103bce6cafcbb5303304ae2435af1						2026-09-27T20:49:59.812536+00:00	Upstream tabix index for chr22 extraction
HG00110	data/D_genomicsdb/HG00110.chr22.g.vcf.gz	download_or_remote_region_extract	COMPLETE	https://1000genomes-dragen.s3.us-west-2.amazonaws.com/data/dragen-3.5.7b/hg38_altaware_nohla-cnv-anchored/HG00110/HG00110.hard-filtered.gvcf.gz	61819793	32c4961d1a0847be04b0690e424e4f201f70fc29a226118d84302d7f7141c36e				3130120	chr22	2026-09-27T21:01:01.434270+00:00	Real 1000 Genomes DRAGEN gVCF cohort import benchmark; region extracted without changing records
HG00110_source_index	data/D_genomicsdb/HG00110.source.tbi	download	COMPLETE	https://1000genomes-dragen.s3.us-west-2.amazonaws.com/data/dragen-3.5.7b/hg38_altaware_nohla-cnv-anchored/HG00110/HG00110.hard-filtered.gvcf.gz.tbi	1347950	c1c9a0a9a661b658ed7a04f66d130e06920d215f95745ebdb8eb336e15f76019						2026-09-27T20:49:58.860535+00:00	Upstream tabix index for chr22 extraction
HG00111	data/D_genomicsdb/HG00111.chr22.g.vcf.gz	download_or_remote_region_extract	COMPLETE	https://1000genomes-dragen.s3.us-west-2.amazonaws.com/data/dragen-3.5.7b/hg38_altaware_nohla-cnv-anchored/HG00111/HG00111.hard-filtered.gvcf.gz	68801999	19cc163382e494e5c4b7cd008fea6a18b049e6e681258bd230cda40a5f4f439b				3450786	chr22	2026-09-27T21:03:08.090850+00:00	Real 1000 Genomes DRAGEN gVCF cohort import benchmark; region extracted without changing records
HG00111_source_index	data/D_genomicsdb/HG00111.source.tbi	download	COMPLETE	https://1000genomes-dragen.s3.us-west-2.amazonaws.com/data/dragen-3.5.7b/hg38_altaware_nohla-cnv-anchored/HG00111/HG00111.hard-filtered.gvcf.gz.tbi	1364897	5765b77da3c73d5b6e124e4d3c13bc8f7cb49e4ce3eb56fb824d87f08273cd7e						2026-09-27T20:49:57.848535+00:00	Upstream tabix index for chr22 extraction
HG00112	data/D_genomicsdb/HG00112.chr22.g.vcf.gz	download_or_remote_region_extract	COMPLETE	https://1000genomes-dragen.s3.us-west-2.amazonaws.com/data/dragen-3.5.7b/hg38_altaware_nohla-cnv-anchored/HG00112/HG00112.hard-filtered.gvcf.gz	59965870	08af91f013fcd3f518c82edaa580ac0882924707af13fe826cbe8bdede2f37f8				3003712	chr22	2026-09-27T21:03:36.846219+00:00	Real 1000 Genomes DRAGEN gVCF cohort import benchmark; region extracted without changing records
HG00112_source_index	data/D_genomicsdb/HG00112.source.tbi	download	COMPLETE	https://1000genomes-dragen.s3.us-west-2.amazonaws.com/data/dragen-3.5.7b/hg38_altaware_nohla-cnv-anchored/HG00112/HG00112.hard-filtered.gvcf.gz.tbi	1303422	ffee9756caec748d2c366e6f52545641c401bd1c2e47affcee41185add8676e3						2026-09-27T20:49:59.224535+00:00	Upstream tabix index for chr22 extraction
HG00113	data/D_genomicsdb/HG00113.chr22.g.vcf.gz	download_or_remote_region_extract	COMPLETE	https://1000genomes-dragen.s3.us-west-2.amazonaws.com/data/dragen-3.5.7b/hg38_altaware_nohla-cnv-anchored/HG00113/HG00113.hard-filtered.gvcf.gz	62581586	6b0ee8ce7caa63bf90700521e562e70cb53f3ab29f5d2b4687520db7d036cc82				3247438	chr22	2026-09-27T21:03:48.796140+00:00	Real 1000 Genomes DRAGEN gVCF cohort import benchmark; region extracted without changing records
HG00113_source_index	data/D_genomicsdb/HG00113.source.tbi	download	COMPLETE	https://1000genomes-dragen.s3.us-west-2.amazonaws.com/data/dragen-3.5.7b/hg38_altaware_nohla-cnv-anchored/HG00113/HG00113.hard-filtered.gvcf.gz.tbi	1312869	f15e48aae2fc71ce364dbca3ea5223e65ceb888081344d3c63b8fe991708584c						2026-09-27T20:49:59.536536+00:00	Upstream tabix index for chr22 extraction
HG00114	data/D_genomicsdb/HG00114.chr22.g.vcf.gz	download_or_remote_region_extract	COMPLETE	https://1000genomes-dragen.s3.us-west-2.amazonaws.com/data/dragen-3.5.7b/hg38_altaware_nohla-cnv-anchored/HG00114/HG00114.hard-filtered.gvcf.gz	55124276	d7f93eea350e40e9b7473c4310b719cf7e20c7e91d560394828ca8fa02ae2269				2729757	chr22	2026-09-27T21:01:49.332124+00:00	Real 1000 Genomes DRAGEN gVCF cohort import benchmark; region extracted without changing records
HG00114_source_index	data/D_genomicsdb/HG00114.source.tbi	download	COMPLETE	https://1000genomes-dragen.s3.us-west-2.amazonaws.com/data/dragen-3.5.7b/hg38_altaware_nohla-cnv-anchored/HG00114/HG00114.hard-filtered.gvcf.gz.tbi	1298953	3e0fbfa9d1fdc049ee9d27dd2f222fb636ec2b8c687c75220ed7ec5c4b711f10						2026-09-27T20:50:00.524536+00:00	Upstream tabix index for chr22 extraction
HG00115	data/D_genomicsdb/HG00115.chr22.g.vcf.gz	download_or_remote_region_extract	COMPLETE	https://1000genomes-dragen.s3.us-west-2.amazonaws.com/data/dragen-3.5.7b/hg38_altaware_nohla-cnv-anchored/HG00115/HG00115.hard-filtered.gvcf.gz	67067127	f7dd4e5240ad53f610a6c402a091d01e67da3d1cba5cfc74d384907705258d96				3508646	chr22	2026-09-27T21:03:45.579364+00:00	Real 1000 Genomes DRAGEN gVCF cohort import benchmark; region extracted without changing records
HG00115_source_index	data/D_genomicsdb/HG00115.source.tbi	download	COMPLETE	https://1000genomes-dragen.s3.us-west-2.amazonaws.com/data/dragen-3.5.7b/hg38_altaware_nohla-cnv-anchored/HG00115/HG00115.hard-filtered.gvcf.gz.tbi	1320839	1105b4ba236412fec46df3df9e70b9b5f9207e99b9b0b0f5a70c9168a0c8162d						2026-09-27T20:50:01.080536+00:00	Upstream tabix index for chr22 extraction
HG00116	data/D_genomicsdb/HG00116.chr22.g.vcf.gz	download_or_remote_region_extract	COMPLETE	https://1000genomes-dragen.s3.us-west-2.amazonaws.com/data/dragen-3.5.7b/hg38_altaware_nohla-cnv-anchored/HG00116/HG00116.hard-filtered.gvcf.gz	36920002	bb515f49d3040818b5db56c52df6df161845e0f71a91b4df3a45324bcfb8ed6e				1571781	chr22	2026-09-27T21:04:39.835176+00:00	Real 1000 Genomes DRAGEN gVCF cohort import benchmark; region extracted without changing records
HG00116_source_index	data/D_genomicsdb/HG00116.source.tbi	download	COMPLETE	https://1000genomes-dragen.s3.us-west-2.amazonaws.com/data/dragen-3.5.7b/hg38_altaware_nohla-cnv-anchored/HG00116/HG00116.hard-filtered.gvcf.gz.tbi	1198697	a371160b54b981e6803438dd05588c47a2edaad9b692476a4cf054932e3782b4						2026-09-27T20:50:01.256536+00:00	Upstream tabix index for chr22 extraction
HG00117	data/D_genomicsdb/HG00117.chr22.g.vcf.gz	download_or_remote_region_extract	COMPLETE	https://1000genomes-dragen.s3.us-west-2.amazonaws.com/data/dragen-3.5.7b/hg38_altaware_nohla-cnv-anchored/HG00117/HG00117.hard-filtered.gvcf.gz	42077540	9c5def688e62dc7abe1ebc27ca1d1554483385541bfafdbbae221eafede44735				1916892	chr22	2026-09-27T21:04:55.092364+00:00	Real 1000 Genomes DRAGEN gVCF cohort import benchmark; region extracted without changing records
HG00117_source_index	data/D_genomicsdb/HG00117.source.tbi	download	COMPLETE	https://1000genomes-dragen.s3.us-west-2.amazonaws.com/data/dragen-3.5.7b/hg38_altaware_nohla-cnv-anchored/HG00117/HG00117.hard-filtered.gvcf.gz.tbi	1277178	750b1066c6bee26f645f7e3b768af5e53ed12b17f46461d96fd72a6edad9af0f						2026-09-27T20:50:01.548536+00:00	Upstream tabix index for chr22 extraction
HG00118	data/D_genomicsdb/HG00118.chr22.g.vcf.gz	download_or_remote_region_extract	COMPLETE	https://1000genomes-dragen.s3.us-west-2.amazonaws.com/data/dragen-3.5.7b/hg38_altaware_nohla-cnv-anchored/HG00118/HG00118.hard-filtered.gvcf.gz	52783292	2c73f32ade2aea8dce39bae7b5f846b2b0c32b6a32b29b3c6e55532f148916ce				2543431	chr22	2026-09-27T21:05:27.023264+00:00	Real 1000 Genomes DRAGEN gVCF cohort import benchmark; region extracted without changing records
HG00118_source_index	data/D_genomicsdb/HG00118.source.tbi	download	COMPLETE	https://1000genomes-dragen.s3.us-west-2.amazonaws.com/data/dragen-3.5.7b/hg38_altaware_nohla-cnv-anchored/HG00118/HG00118.hard-filtered.gvcf.gz.tbi	1335578	c354632e3e1b3d1896f662815a179ed2135ad15b0946d02b301931cff4903ce4						2026-09-27T20:50:02.224537+00:00	Upstream tabix index for chr22 extraction
HG00119	data/D_genomicsdb/HG00119.chr22.g.vcf.gz	download_or_remote_region_extract	COMPLETE	https://1000genomes-dragen.s3.us-west-2.amazonaws.com/data/dragen-3.5.7b/hg38_altaware_nohla-cnv-anchored/HG00119/HG00119.hard-filtered.gvcf.gz	57800541	d22e5ce37793d97fa760bd751fd870b337cb965d509096048aa833d949428f94				2801942	chr22	2026-09-27T21:04:58.819492+00:00	Real 1000 Genomes DRAGEN gVCF cohort import benchmark; region extracted without changing records
HG00119_source_index	data/D_genomicsdb/HG00119.source.tbi	download	COMPLETE	https://1000genomes-dragen.s3.us-west-2.amazonaws.com/data/dragen-3.5.7b/hg38_altaware_nohla-cnv-anchored/HG00119/HG00119.hard-filtered.gvcf.gz.tbi	1302731	34f4b414b235d575486a6717b40ee136805fc7c0866bf227db2fd489cfe39487						2026-09-27T20:50:02.968537+00:00	Upstream tabix index for chr22 extraction
HG00120	data/D_genomicsdb/HG00120.chr22.g.vcf.gz	download_or_remote_region_extract	COMPLETE	https://1000genomes-dragen.s3.us-west-2.amazonaws.com/data/dragen-3.5.7b/hg38_altaware_nohla-cnv-anchored/HG00120/HG00120.hard-filtered.gvcf.gz	42836636	3f64032aad76612fa1d6c405dcd98a8a9c618b5664a782a8ae2fda2a3865ea2d				1958196	chr22	2026-09-27T21:05:53.616343+00:00	Real 1000 Genomes DRAGEN gVCF cohort import benchmark; region extracted without changing records
HG00120_source_index	data/D_genomicsdb/HG00120.source.tbi	download	COMPLETE	https://1000genomes-dragen.s3.us-west-2.amazonaws.com/data/dragen-3.5.7b/hg38_altaware_nohla-cnv-anchored/HG00120/HG00120.hard-filtered.gvcf.gz.tbi	1316513	5b0c6dcb77cdcbf2b8d9dd4c9664ff274566d9e79652047d7953c27abfe0f431						2026-09-27T20:50:03.016537+00:00	Upstream tabix index for chr22 extraction
HG00121	data/D_genomicsdb/HG00121.chr22.g.vcf.gz	download_or_remote_region_extract	COMPLETE	https://1000genomes-dragen.s3.us-west-2.amazonaws.com/data/dragen-3.5.7b/hg38_altaware_nohla-cnv-anchored/HG00121/HG00121.hard-filtered.gvcf.gz	64658406	bef9ae76b2e4f7c14f6a800a7b3c170e631a8da790711aaf561fbab6d2f80ee6				3283016	chr22	2026-09-27T21:06:08.126999+00:00	Real 1000 Genomes DRAGEN gVCF cohort import benchmark; region extracted without changing records
HG00121_source_index	data/D_genomicsdb/HG00121.source.tbi	download	COMPLETE	https://1000genomes-dragen.s3.us-west-2.amazonaws.com/data/dragen-3.5.7b/hg38_altaware_nohla-cnv-anchored/HG00121/HG00121.hard-filtered.gvcf.gz.tbi	1356884	ee839b84452b489a163ccf59e1d2676a5d7aaffb3fb13568e57a22f91c9ed8ed						2026-09-27T20:50:12.556540+00:00	Upstream tabix index for chr22 extraction
HG00122	data/D_genomicsdb/HG00122.chr22.g.vcf.gz	download_or_remote_region_extract	COMPLETE	https://1000genomes-dragen.s3.us-west-2.amazonaws.com/data/dragen-3.5.7b/hg38_altaware_nohla-cnv-anchored/HG00122/HG00122.hard-filtered.gvcf.gz	57989908	455d3bd63a0052393e8b3b777c0080cc381914401b3ff5c424746ee5f358d800				2802351	chr22	2026-09-27T21:06:48.893888+00:00	Real 1000 Genomes DRAGEN gVCF cohort import benchmark; region extracted without changing records
HG00122_source_index	data/D_genomicsdb/HG00122.source.tbi	download	COMPLETE	https://1000genomes-dragen.s3.us-west-2.amazonaws.com/data/dragen-3.5.7b/hg38_altaware_nohla-cnv-anchored/HG00122/HG00122.hard-filtered.gvcf.gz.tbi	1345801	83c1cb9fd3207b954bf1fb689ede793759a1a59a80ca36e57d286bca435eafa5						2026-09-27T20:50:04.032537+00:00	Upstream tabix index for chr22 extraction
HG00123	data/D_genomicsdb/HG00123.chr22.g.vcf.gz	download_or_remote_region_extract	COMPLETE	https://1000genomes-dragen.s3.us-west-2.amazonaws.com/data/dragen-3.5.7b/hg38_altaware_nohla-cnv-anchored/HG00123/HG00123.hard-filtered.gvcf.gz	60144293	22247bead209fc6e5280384ef25dfa98ba31e5e0eecd44cbdbd160ceba563ba8				3061321	chr22	2026-09-27T21:07:35.390803+00:00	Real 1000 Genomes DRAGEN gVCF cohort import benchmark; region extracted without changing records
HG00123_source_index	data/D_genomicsdb/HG00123.source.tbi	download	COMPLETE	https://1000genomes-dragen.s3.us-west-2.amazonaws.com/data/dragen-3.5.7b/hg38_altaware_nohla-cnv-anchored/HG00123/HG00123.hard-filtered.gvcf.gz.tbi	1348517	867b89f7fb87b3a624b316d9f19f6e80b7b4a3960e6850121e5f579da014ae51						2026-09-27T20:50:04.956538+00:00	Upstream tabix index for chr22 extraction
HG00125	data/D_genomicsdb/HG00125.chr22.g.vcf.gz	download_or_remote_region_extract	COMPLETE	https://1000genomes-dragen.s3.us-west-2.amazonaws.com/data/dragen-3.5.7b/hg38_altaware_nohla-cnv-anchored/HG00125/HG00125.hard-filtered.gvcf.gz	77072606	a532b962b040316b95b27760e6756bab7316071d388ca125cab1e1b51762f806				4102556	chr22	2026-09-27T21:08:49.014083+00:00	Real 1000 Genomes DRAGEN gVCF cohort import benchmark; region extracted without changing records
HG00125_source_index	data/D_genomicsdb/HG00125.source.tbi	download	COMPLETE	https://1000genomes-dragen.s3.us-west-2.amazonaws.com/data/dragen-3.5.7b/hg38_altaware_nohla-cnv-anchored/HG00125/HG00125.hard-filtered.gvcf.gz.tbi	1374735	fdba6793c34e6a7c16727db25d5bdadb23dac9d61effe53e943a9f396cae200d						2026-09-27T20:50:09.924540+00:00	Upstream tabix index for chr22 extraction
HG00126	data/D_genomicsdb/HG00126.chr22.g.vcf.gz	download_or_remote_region_extract	COMPLETE	https://1000genomes-dragen.s3.us-west-2.amazonaws.com/data/dragen-3.5.7b/hg38_altaware_nohla-cnv-anchored/HG00126/HG00126.hard-filtered.gvcf.gz	38672736	3f6127415891b487b885c57d8de95ff94532c2eab5bd9f0c30fd02832c6ad525				1679749	chr22	2026-09-27T21:07:55.708257+00:00	Real 1000 Genomes DRAGEN gVCF cohort import benchmark; region extracted without changing records
HG00126_source_index	data/D_genomicsdb/HG00126.source.tbi	download	COMPLETE	https://1000genomes-dragen.s3.us-west-2.amazonaws.com/data/dragen-3.5.7b/hg38_altaware_nohla-cnv-anchored/HG00126/HG00126.hard-filtered.gvcf.gz.tbi	1265253	2713b38c362d2100d3c6e5302e9dbfade4778c8daa72f54582f4d460433fd613						2026-09-27T20:50:11.808540+00:00	Upstream tabix index for chr22 extraction
HG00127	data/D_genomicsdb/HG00127.chr22.g.vcf.gz	download_or_remote_region_extract	COMPLETE	https://1000genomes-dragen.s3.us-west-2.amazonaws.com/data/dragen-3.5.7b/hg38_altaware_nohla-cnv-anchored/HG00127/HG00127.hard-filtered.gvcf.gz	54869396	a1a6e31c86ff029335d294907ae43fd7670ab1ee65c2a7c130fa2b9ca7760cab				2642123	chr22	2026-09-27T21:09:22.706524+00:00	Real 1000 Genomes DRAGEN gVCF cohort import benchmark; region extracted without changing records
HG00127_source_index	data/D_genomicsdb/HG00127.source.tbi	download	COMPLETE	https://1000genomes-dragen.s3.us-west-2.amazonaws.com/data/dragen-3.5.7b/hg38_altaware_nohla-cnv-anchored/HG00127/HG00127.hard-filtered.gvcf.gz.tbi	1340143	757d6cf74aff88b0c3a8e9eedc7a39ecec24c825bbf0e19e2a2bd5098466e980						2026-09-27T20:50:12.304540+00:00	Upstream tabix index for chr22 extraction
HG00128	data/D_genomicsdb/HG00128.chr22.g.vcf.gz	download_or_remote_region_extract	COMPLETE	https://1000genomes-dragen.s3.us-west-2.amazonaws.com/data/dragen-3.5.7b/hg38_altaware_nohla-cnv-anchored/HG00128/HG00128.hard-filtered.gvcf.gz	36454307	c23f4038f6a54a953575cc96acd406c4466831fa5ed237e412d4af36c15fd517				1547929	chr22	2026-09-27T21:08:05.589850+00:00	Real 1000 Genomes DRAGEN gVCF cohort import benchmark; region extracted without changing records
HG00128_source_index	data/D_genomicsdb/HG00128.source.tbi	download	COMPLETE	https://1000genomes-dragen.s3.us-west-2.amazonaws.com/data/dragen-3.5.7b/hg38_altaware_nohla-cnv-anchored/HG00128/HG00128.hard-filtered.gvcf.gz.tbi	1250779	b21b00a4fb407a2795b09ace7778438cd74e0584cbabd06908ce23aeaf882913						2026-09-27T20:50:11.656540+00:00	Upstream tabix index for chr22 extraction
HG00129	data/D_genomicsdb/HG00129.chr22.g.vcf.gz	download_or_remote_region_extract	COMPLETE	https://1000genomes-dragen.s3.us-west-2.amazonaws.com/data/dragen-3.5.7b/hg38_altaware_nohla-cnv-anchored/HG00129/HG00129.hard-filtered.gvcf.gz	71639786	4672a3360f0819ed4c1d74d12341864d9d774ba944a1b0ecd93c0be93b66b4f7				3753771	chr22	2026-09-27T21:09:53.259352+00:00	Real 1000 Genomes DRAGEN gVCF cohort import benchmark; region extracted without changing records
HG00129_source_index	data/D_genomicsdb/HG00129.source.tbi	download	COMPLETE	https://1000genomes-dragen.s3.us-west-2.amazonaws.com/data/dragen-3.5.7b/hg38_altaware_nohla-cnv-anchored/HG00129/HG00129.hard-filtered.gvcf.gz.tbi	1319784	83583288accee3298fe1f96551743bc090e9716eb9c0310c6e6b376924a490cc						2026-09-27T20:50:13.392541+00:00	Upstream tabix index for chr22 extraction
HG00130	data/D_genomicsdb/HG00130.chr22.g.vcf.gz	download_or_remote_region_extract	COMPLETE	https://1000genomes-dragen.s3.us-west-2.amazonaws.com/data/dragen-3.5.7b/hg38_altaware_nohla-cnv-anchored/HG00130/HG00130.hard-filtered.gvcf.gz	75087880	4e52a8374e1b8d8b32d6386a0a66e52575c008f6a6b9847d2d02fa6b402054d1				3932228	chr22	2026-09-27T21:09:11.477174+00:00	Real 1000 Genomes DRAGEN gVCF cohort import benchmark; region extracted without changing records
HG00130_source_index	data/D_genomicsdb/HG00130.source.tbi	download	COMPLETE	https://1000genomes-dragen.s3.us-west-2.amazonaws.com/data/dragen-3.5.7b/hg38_altaware_nohla-cnv-anchored/HG00130/HG00130.hard-filtered.gvcf.gz.tbi	1369297	0ac62ae0befa770e405cf6d643ac382d5946fffa277a4e2bc845b7c886109ec2						2026-09-27T20:50:13.592541+00:00	Upstream tabix index for chr22 extraction
HG00131	data/D_genomicsdb/HG00131.chr22.g.vcf.gz	download_or_remote_region_extract	COMPLETE	https://1000genomes-dragen.s3.us-west-2.amazonaws.com/data/dragen-3.5.7b/hg38_altaware_nohla-cnv-anchored/HG00131/HG00131.hard-filtered.gvcf.gz	63575916	38937e5a441f3103356b97334c6be29dc172a483490228fa2f5c08e43170f927				3195734	chr22	2026-09-27T21:11:07.806632+00:00	Real 1000 Genomes DRAGEN gVCF cohort import benchmark; region extracted without changing records
HG00131_source_index	data/D_genomicsdb/HG00131.source.tbi	download	COMPLETE	https://1000genomes-dragen.s3.us-west-2.amazonaws.com/data/dragen-3.5.7b/hg38_altaware_nohla-cnv-anchored/HG00131/HG00131.hard-filtered.gvcf.gz.tbi	1306010	da3cd201e1dbf42afd59f11dc1d0a799e7d7315088e878d1db8b9e5c975c9b74						2026-09-27T20:50:14.060541+00:00	Upstream tabix index for chr22 extraction
HG00132	data/D_genomicsdb/HG00132.chr22.g.vcf.gz	download_or_remote_region_extract	COMPLETE	https://1000genomes-dragen.s3.us-west-2.amazonaws.com/data/dragen-3.5.7b/hg38_altaware_nohla-cnv-anchored/HG00132/HG00132.hard-filtered.gvcf.gz	56835418	872f4b3c4f08e46e3cca0d0b04935471b5d37cb6108a35a3dc690ab6f9022334				2824803	chr22	2026-09-27T21:09:53.707654+00:00	Real 1000 Genomes DRAGEN gVCF cohort import benchmark; region extracted without changing records
HG00132_source_index	data/D_genomicsdb/HG00132.source.tbi	download	COMPLETE	https://1000genomes-dragen.s3.us-west-2.amazonaws.com/data/dragen-3.5.7b/hg38_altaware_nohla-cnv-anchored/HG00132/HG00132.hard-filtered.gvcf.gz.tbi	1339898	585d67f37750c78d42f39f0ea5996b269a47e6f6ccc848d87bee152e61cfa6f5						2026-09-27T20:50:14.212541+00:00	Upstream tabix index for chr22 extraction
HG00133	data/D_genomicsdb/HG00133.chr22.g.vcf.gz	download_or_remote_region_extract	COMPLETE	https://1000genomes-dragen.s3.us-west-2.amazonaws.com/data/dragen-3.5.7b/hg38_altaware_nohla-cnv-anchored/HG00133/HG00133.hard-filtered.gvcf.gz	28556760	2f74bdc035e992989fd28c0b7cec24a9402662580643b10a8d7cdce95050073d				1136316	chr22	2026-09-27T21:10:42.844655+00:00	Real 1000 Genomes DRAGEN gVCF cohort import benchmark; region extracted without changing records
HG00133_source_index	data/D_genomicsdb/HG00133.source.tbi	download	COMPLETE	https://1000genomes-dragen.s3.us-west-2.amazonaws.com/data/dragen-3.5.7b/hg38_altaware_nohla-cnv-anchored/HG00133/HG00133.hard-filtered.gvcf.gz.tbi	1053032	120fa8544a2bf6cb0608d12cc50b6a53b0b95642ea658609515bb2415e2e03ec						2026-09-27T20:50:15.100541+00:00	Upstream tabix index for chr22 extraction
HG00136	data/D_genomicsdb/HG00136.chr22.g.vcf.gz	download_or_remote_region_extract	COMPLETE	https://1000genomes-dragen.s3.us-west-2.amazonaws.com/data/dragen-3.5.7b/hg38_altaware_nohla-cnv-anchored/HG00136/HG00136.hard-filtered.gvcf.gz	55820898	a320ea6af8f3908c62bf217c3c94be37eb8e03fe0e4eabfc3f483e9c439b2771				2781061	chr22	2026-09-27T21:14:10.591225+00:00	Real 1000 Genomes DRAGEN gVCF cohort import benchmark; region extracted without changing records
HG00136_source_index	data/D_genomicsdb/HG00136.source.tbi	download	COMPLETE	https://1000genomes-dragen.s3.us-west-2.amazonaws.com/data/dragen-3.5.7b/hg38_altaware_nohla-cnv-anchored/HG00136/HG00136.hard-filtered.gvcf.gz.tbi	1297967	ab84159e064000926fa165f04582746bf39f9e47a4500e2e7c139671292fe8dd						2026-09-27T20:50:15.224541+00:00	Upstream tabix index for chr22 extraction
HG00137	data/D_genomicsdb/HG00137.chr22.g.vcf.gz	download_or_remote_region_extract	COMPLETE	https://1000genomes-dragen.s3.us-west-2.amazonaws.com/data/dragen-3.5.7b/hg38_altaware_nohla-cnv-anchored/HG00137/HG00137.hard-filtered.gvcf.gz	68259065	59e4f89811fb5b33e2d7a5457040b9884e41f93cc4cba09829507d7c75fa91d9				3458301	chr22	2026-09-27T21:10:41.978629+00:00	Real 1000 Genomes DRAGEN gVCF cohort import benchmark; region extracted without changing records
HG00137_source_index	data/D_genomicsdb/HG00137.source.tbi	download	COMPLETE	https://1000genomes-dragen.s3.us-west-2.amazonaws.com/data/dragen-3.5.7b/hg38_altaware_nohla-cnv-anchored/HG00137/HG00137.hard-filtered.gvcf.gz.tbi	1358265	824409b93e67670da3bd7ab3ba0afeea8848c5b77a99461d387012a55af83485						2026-09-27T20:50:17.100542+00:00	Upstream tabix index for chr22 extraction
HG00138	data/D_genomicsdb/HG00138.chr22.g.vcf.gz	download_or_remote_region_extract	COMPLETE	https://1000genomes-dragen.s3.us-west-2.amazonaws.com/data/dragen-3.5.7b/hg38_altaware_nohla-cnv-anchored/HG00138/HG00138.hard-filtered.gvcf.gz	54984574	9244d99c5f73ee5603af7051616c5c4fd36f26351b7d4094d238b6bc3b848fd0				2667779	chr22	2026-09-27T21:13:15.735803+00:00	Real 1000 Genomes DRAGEN gVCF cohort import benchmark; region extracted without changing records
HG00138_source_index	data/D_genomicsdb/HG00138.source.tbi	download	COMPLETE	https://1000genomes-dragen.s3.us-west-2.amazonaws.com/data/dragen-3.5.7b/hg38_altaware_nohla-cnv-anchored/HG00138/HG00138.hard-filtered.gvcf.gz.tbi	1300732	71012ea0194f443be94880290ce9f273ef059a112eca037cbd26ed6c6d657f8c						2026-09-27T20:50:15.848542+00:00	Upstream tabix index for chr22 extraction
HG00139	data/D_genomicsdb/HG00139.chr22.g.vcf.gz	download_or_remote_region_extract	COMPLETE	https://1000genomes-dragen.s3.us-west-2.amazonaws.com/data/dragen-3.5.7b/hg38_altaware_nohla-cnv-anchored/HG00139/HG00139.hard-filtered.gvcf.gz	56690022	73353d76b4ab82774e5eb1fcf3647845818cfa848b35d674b530534bfaca49ac				2788389	chr22	2026-09-27T21:12:50.156508+00:00	Real 1000 Genomes DRAGEN gVCF cohort import benchmark; region extracted without changing records
HG00139_source_index	data/D_genomicsdb/HG00139.source.tbi	download	COMPLETE	https://1000genomes-dragen.s3.us-west-2.amazonaws.com/data/dragen-3.5.7b/hg38_altaware_nohla-cnv-anchored/HG00139/HG00139.hard-filtered.gvcf.gz.tbi	1299420	8aef9d266c726670cfce4eaa77b0a591edbf86c530d34268763aa435b39ade0a						2026-09-27T20:50:16.804542+00:00	Upstream tabix index for chr22 extraction
HG00140	data/D_genomicsdb/HG00140.chr22.g.vcf.gz	download_or_remote_region_extract	COMPLETE	https://1000genomes-dragen.s3.us-west-2.amazonaws.com/data/dragen-3.5.7b/hg38_altaware_nohla-cnv-anchored/HG00140/HG00140.hard-filtered.gvcf.gz	50626943	848829f929bc93cd92f714aa953ff819bb3db68a6f27aa7cd3f42fcc0ff13245				2467064	chr22	2026-09-27T21:13:15.296433+00:00	Real 1000 Genomes DRAGEN gVCF cohort import benchmark; region extracted without changing records
HG00140_source_index	data/D_genomicsdb/HG00140.source.tbi	download	COMPLETE	https://1000genomes-dragen.s3.us-west-2.amazonaws.com/data/dragen-3.5.7b/hg38_altaware_nohla-cnv-anchored/HG00140/HG00140.hard-filtered.gvcf.gz.tbi	1294684	9788c8adb31b82cd8b376247755e907095ea54323e022ded2d97f324bcc95d9f						2026-09-27T20:50:17.000542+00:00	Upstream tabix index for chr22 extraction
HG00141	data/D_genomicsdb/HG00141.chr22.g.vcf.gz	download_or_remote_region_extract	COMPLETE	https://1000genomes-dragen.s3.us-west-2.amazonaws.com/data/dragen-3.5.7b/hg38_altaware_nohla-cnv-anchored/HG00141/HG00141.hard-filtered.gvcf.gz	69587073	ba11385a70ee48295c513c3166e99636d59c8bc55ddf173d4aa882f8af149afc				3503909	chr22	2026-09-27T21:14:28.328230+00:00	Real 1000 Genomes DRAGEN gVCF cohort import benchmark; region extracted without changing records
HG00141_source_index	data/D_genomicsdb/HG00141.source.tbi	download	COMPLETE	https://1000genomes-dragen.s3.us-west-2.amazonaws.com/data/dragen-3.5.7b/hg38_altaware_nohla-cnv-anchored/HG00141/HG00141.hard-filtered.gvcf.gz.tbi	1320648	c0ea820fbee92440126980f9810e84925f6d925e9707bf760f3ab5d415f230be						2026-09-27T20:50:17.576542+00:00	Upstream tabix index for chr22 extraction
HG00142	data/D_genomicsdb/HG00142.chr22.g.vcf.gz	download_or_remote_region_extract	COMPLETE	https://1000genomes-dragen.s3.us-west-2.amazonaws.com/data/dragen-3.5.7b/hg38_altaware_nohla-cnv-anchored/HG00142/HG00142.hard-filtered.gvcf.gz	55894944	574e0b39067031cb5c7560cfcf7b80fa65ac1ee344c968c0e590a4e38279325b				2797732	chr22	2026-09-27T21:15:16.463103+00:00	Real 1000 Genomes DRAGEN gVCF cohort import benchmark; region extracted without changing records
HG00142_source_index	data/D_genomicsdb/HG00142.source.tbi	download	COMPLETE	https://1000genomes-dragen.s3.us-west-2.amazonaws.com/data/dragen-3.5.7b/hg38_altaware_nohla-cnv-anchored/HG00142/HG00142.hard-filtered.gvcf.gz.tbi	1296764	631d608bc7c8dc78960ae7b8c84dbce57bce48c97a076babc3e021e4b9d62a02						2026-09-27T20:50:18.656543+00:00	Upstream tabix index for chr22 extraction
HG00143	data/D_genomicsdb/HG00143.chr22.g.vcf.gz	download_or_remote_region_extract	COMPLETE	https://1000genomes-dragen.s3.us-west-2.amazonaws.com/data/dragen-3.5.7b/hg38_altaware_nohla-cnv-anchored/HG00143/HG00143.hard-filtered.gvcf.gz	69683685	1b61380122918c7f74d1ff4c9e0bb1684a65c07dd89cdfbc6cf066befd35bf49				3532954	chr22	2026-09-27T21:16:42.723939+00:00	Real 1000 Genomes DRAGEN gVCF cohort import benchmark; region extracted without changing records
HG00143_source_index	data/D_genomicsdb/HG00143.source.tbi	download	COMPLETE	https://1000genomes-dragen.s3.us-west-2.amazonaws.com/data/dragen-3.5.7b/hg38_altaware_nohla-cnv-anchored/HG00143/HG00143.hard-filtered.gvcf.gz.tbi	1321214	b1241f036680ebaf42e5c4e296fa42661c536f42335a9ec43ecb0250be239f6a						2026-09-27T20:50:18.804543+00:00	Upstream tabix index for chr22 extraction
HG00145	data/D_genomicsdb/HG00145.chr22.g.vcf.gz	download_or_remote_region_extract	COMPLETE	https://1000genomes-dragen.s3.us-west-2.amazonaws.com/data/dragen-3.5.7b/hg38_altaware_nohla-cnv-anchored/HG00145/HG00145.hard-filtered.gvcf.gz	59469314	d4c68283e2cabb5b53072decc298a62b3e47119f88af507ba7df462ec01a3420				3023077	chr22	2026-09-27T21:16:45.417867+00:00	Real 1000 Genomes DRAGEN gVCF cohort import benchmark; region extracted without changing records
HG00145_source_index	data/D_genomicsdb/HG00145.source.tbi	download	COMPLETE	https://1000genomes-dragen.s3.us-west-2.amazonaws.com/data/dragen-3.5.7b/hg38_altaware_nohla-cnv-anchored/HG00145/HG00145.hard-filtered.gvcf.gz.tbi	1307994	647fd9ea45014a335267f473d69d505d2391b8828fff984c7a43d6c975a7a63a						2026-09-27T20:50:18.800543+00:00	Upstream tabix index for chr22 extraction
HG00146	data/D_genomicsdb/HG00146.chr22.g.vcf.gz	download_or_remote_region_extract	COMPLETE	https://1000genomes-dragen.s3.us-west-2.amazonaws.com/data/dragen-3.5.7b/hg38_altaware_nohla-cnv-anchored/HG00146/HG00146.hard-filtered.gvcf.gz	36507981	582e4f476a62eb1f225e85ebfddccabc64f144eb815729bfe5091f944cd8d56f				1553519	chr22	2026-09-27T21:16:40.557350+00:00	Real 1000 Genomes DRAGEN gVCF cohort import benchmark; region extracted without changing records
HG00146_source_index	data/D_genomicsdb/HG00146.source.tbi	download	COMPLETE	https://1000genomes-dragen.s3.us-west-2.amazonaws.com/data/dragen-3.5.7b/hg38_altaware_nohla-cnv-anchored/HG00146/HG00146.hard-filtered.gvcf.gz.tbi	1214860	7df38ba0c3ae13908f32869e15108e7547d71e30b759546d0cd55ca73b5a5255						2026-09-27T20:50:19.348543+00:00	Upstream tabix index for chr22 extraction
HG00148	data/D_genomicsdb/HG00148.chr22.g.vcf.gz	download_or_remote_region_extract	COMPLETE	https://1000genomes-dragen.s3.us-west-2.amazonaws.com/data/dragen-3.5.7b/hg38_altaware_nohla-cnv-anchored/HG00148/HG00148.hard-filtered.gvcf.gz	61167275	73faeb924c1e658ab60af47f01df78cef345e7106c19553f30d9e02db7259426				3148053	chr22	2026-09-27T21:16:01.337353+00:00	Real 1000 Genomes DRAGEN gVCF cohort import benchmark; region extracted without changing records
HG00148_source_index	data/D_genomicsdb/HG00148.source.tbi	download	COMPLETE	https://1000genomes-dragen.s3.us-west-2.amazonaws.com/data/dragen-3.5.7b/hg38_altaware_nohla-cnv-anchored/HG00148/HG00148.hard-filtered.gvcf.gz.tbi	1306368	e2e70d1e039849b0a7d05482804d086afda70c7089cdeafee587c94e5ef7c5b2						2026-09-27T20:50:20.388543+00:00	Upstream tabix index for chr22 extraction
HG00149	data/D_genomicsdb/HG00149.chr22.g.vcf.gz	download_or_remote_region_extract	COMPLETE	https://1000genomes-dragen.s3.us-west-2.amazonaws.com/data/dragen-3.5.7b/hg38_altaware_nohla-cnv-anchored/HG00149/HG00149.hard-filtered.gvcf.gz	55555510	fda6f0ad26ae79fa961ba107481108db055b348e2fe80b861a3cdde6a344a6bd				2723411	chr22	2026-09-27T21:16:43.990726+00:00	Real 1000 Genomes DRAGEN gVCF cohort import benchmark; region extracted without changing records
HG00149_source_index	data/D_genomicsdb/HG00149.source.tbi	download	COMPLETE	https://1000genomes-dragen.s3.us-west-2.amazonaws.com/data/dragen-3.5.7b/hg38_altaware_nohla-cnv-anchored/HG00149/HG00149.hard-filtered.gvcf.gz.tbi	1301048	91d6bb63b9d1aedbe8b591e2c32aa7c934e12bd64ce20371f63236157706c644						2026-09-27T20:50:20.516543+00:00	Upstream tabix index for chr22 extraction
HG00150	data/D_genomicsdb/HG00150.chr22.g.vcf.gz	download_or_remote_region_extract	COMPLETE	https://1000genomes-dragen.s3.us-west-2.amazonaws.com/data/dragen-3.5.7b/hg38_altaware_nohla-cnv-anchored/HG00150/HG00150.hard-filtered.gvcf.gz	40439391	f20cd80ffdd68ea825d4be5a2d0eb8707e34ce0c17ba4da5d25940a37d25cadc				1791864	chr22	2026-09-27T21:19:10.342575+00:00	Real 1000 Genomes DRAGEN gVCF cohort import benchmark; region extracted without changing records
HG00150_source_index	data/D_genomicsdb/HG00150.source.tbi	download	COMPLETE	https://1000genomes-dragen.s3.us-west-2.amazonaws.com/data/dragen-3.5.7b/hg38_altaware_nohla-cnv-anchored/HG00150/HG00150.hard-filtered.gvcf.gz.tbi	1307578	fd89df3f39eeb8584ce0629a95e3439230ecb0170a0cdf27651ea10c4970ff8b						2026-09-27T20:50:20.580543+00:00	Upstream tabix index for chr22 extraction
HG00151	data/D_genomicsdb/HG00151.chr22.g.vcf.gz	download_or_remote_region_extract	COMPLETE	https://1000genomes-dragen.s3.us-west-2.amazonaws.com/data/dragen-3.5.7b/hg38_altaware_nohla-cnv-anchored/HG00151/HG00151.hard-filtered.gvcf.gz	50386260	094b0f03918fabcb53ab2c9c39e74769bac0d602ce27078edbb5fef2024a008c				2416024	chr22	2026-09-27T21:19:05.806930+00:00	Real 1000 Genomes DRAGEN gVCF cohort import benchmark; region extracted without changing records
HG00151_source_index	data/D_genomicsdb/HG00151.source.tbi	download	COMPLETE	https://1000genomes-dragen.s3.us-west-2.amazonaws.com/data/dragen-3.5.7b/hg38_altaware_nohla-cnv-anchored/HG00151/HG00151.hard-filtered.gvcf.gz.tbi	1292835	4cf0be36c639b82e97be35f36894657179bc391e03f2d4b33c47b6c4c093f2f1						2026-09-27T20:50:22.568544+00:00	Upstream tabix index for chr22 extraction
HG00154	data/D_genomicsdb/HG00154.chr22.g.vcf.gz	download_or_remote_region_extract	COMPLETE	https://1000genomes-dragen.s3.us-west-2.amazonaws.com/data/dragen-3.5.7b/hg38_altaware_nohla-cnv-anchored/HG00154/HG00154.hard-filtered.gvcf.gz	56682115	2fbefa280ded4f4a9fe65e23e10e9998bf0607c2814fdeb17aaf2d754f951309				2795061	chr22	2026-09-27T21:17:57.385543+00:00	Real 1000 Genomes DRAGEN gVCF cohort import benchmark; region extracted without changing records
HG00154_source_index	data/D_genomicsdb/HG00154.source.tbi	download	COMPLETE	https://1000genomes-dragen.s3.us-west-2.amazonaws.com/data/dragen-3.5.7b/hg38_altaware_nohla-cnv-anchored/HG00154/HG00154.hard-filtered.gvcf.gz.tbi	1342435	aea42835ccd3613c4e52c1d6847212035b766c3d3193634aca51eee71420a8a6						2026-09-27T20:50:23.300544+00:00	Upstream tabix index for chr22 extraction
HG00155	data/D_genomicsdb/HG00155.chr22.g.vcf.gz	download_or_remote_region_extract	COMPLETE	https://1000genomes-dragen.s3.us-west-2.amazonaws.com/data/dragen-3.5.7b/hg38_altaware_nohla-cnv-anchored/HG00155/HG00155.hard-filtered.gvcf.gz	65189286	5accf0fa018b1009e9289cbf7a32c86594e5670cd19e85642911cf7a98a04f0e				3344470	chr22	2026-09-27T21:18:03.081049+00:00	Real 1000 Genomes DRAGEN gVCF cohort import benchmark; region extracted without changing records
HG00155_source_index	data/D_genomicsdb/HG00155.source.tbi	download	COMPLETE	https://1000genomes-dragen.s3.us-west-2.amazonaws.com/data/dragen-3.5.7b/hg38_altaware_nohla-cnv-anchored/HG00155/HG00155.hard-filtered.gvcf.gz.tbi	1315698	ea35af07c71d8e3711f5181d64670c2d6b5be2390a5305596ea82010f1366bb4						2026-09-27T20:50:22.316544+00:00	Upstream tabix index for chr22 extraction
HG00157	data/D_genomicsdb/HG00157.chr22.g.vcf.gz	download_or_remote_region_extract	COMPLETE	https://1000genomes-dragen.s3.us-west-2.amazonaws.com/data/dragen-3.5.7b/hg38_altaware_nohla-cnv-anchored/HG00157/HG00157.hard-filtered.gvcf.gz	58456185	b21e869d14924fbf1d9a58afc4351249078d23e7aec8f7d2850726f18eb58a95				2973432	chr22	2026-09-27T21:20:12.622504+00:00	Real 1000 Genomes DRAGEN gVCF cohort import benchmark; region extracted without changing records
HG00157_source_index	data/D_genomicsdb/HG00157.source.tbi	download	COMPLETE	https://1000genomes-dragen.s3.us-west-2.amazonaws.com/data/dragen-3.5.7b/hg38_altaware_nohla-cnv-anchored/HG00157/HG00157.hard-filtered.gvcf.gz.tbi	1308371	f66f846d6d1e9b1f6d1767971e9ed38dc46eede5bb59ef1424693e32427de12b						2026-09-27T20:50:22.404544+00:00	Upstream tabix index for chr22 extraction
HG00158	data/D_genomicsdb/HG00158.chr22.g.vcf.gz	download_or_remote_region_extract	COMPLETE	https://1000genomes-dragen.s3.us-west-2.amazonaws.com/data/dragen-3.5.7b/hg38_altaware_nohla-cnv-anchored/HG00158/HG00158.hard-filtered.gvcf.gz	49135862	63bdb897db4597131c88e61d402ab41a08655010c2e0e5c729d77143cbce8f51				2321086	chr22	2026-09-27T21:20:07.506304+00:00	Real 1000 Genomes DRAGEN gVCF cohort import benchmark; region extracted without changing records
HG00158_source_index	data/D_genomicsdb/HG00158.source.tbi	download	COMPLETE	https://1000genomes-dragen.s3.us-west-2.amazonaws.com/data/dragen-3.5.7b/hg38_altaware_nohla-cnv-anchored/HG00158/HG00158.hard-filtered.gvcf.gz.tbi	1330467	b8757b062ce1dcdb05cf50332fa6dbdbe08228f0d0ed4478ae1e96d1f3d59cfd						2026-09-27T20:50:23.980544+00:00	Upstream tabix index for chr22 extraction
HG00159	data/D_genomicsdb/HG00159.chr22.g.vcf.gz	download_or_remote_region_extract	COMPLETE	https://1000genomes-dragen.s3.us-west-2.amazonaws.com/data/dragen-3.5.7b/hg38_altaware_nohla-cnv-anchored/HG00159/HG00159.hard-filtered.gvcf.gz	57915895	3192aa48ab6ab78f450b4515cc249e91a1f5957a1bf081eec80f33fc0ccccfac				2857708	chr22	2026-09-27T21:21:45.608544+00:00	Real 1000 Genomes DRAGEN gVCF cohort import benchmark; region extracted without changing records
HG00159_source_index	data/D_genomicsdb/HG00159.source.tbi	download	COMPLETE	https://1000genomes-dragen.s3.us-west-2.amazonaws.com/data/dragen-3.5.7b/hg38_altaware_nohla-cnv-anchored/HG00159/HG00159.hard-filtered.gvcf.gz.tbi	1303315	8241dd4fb6b775540b099c8069b605724d4695810eba9ce05b95262192b18f07						2026-09-27T20:50:24.092544+00:00	Upstream tabix index for chr22 extraction
HG00160	data/D_genomicsdb/HG00160.chr22.g.vcf.gz	download_or_remote_region_extract	COMPLETE	https://1000genomes-dragen.s3.us-west-2.amazonaws.com/data/dragen-3.5.7b/hg38_altaware_nohla-cnv-anchored/HG00160/HG00160.hard-filtered.gvcf.gz	57049184	17c857687a9066c4f8cf5ae50130d2fff54749ddfc58598604790bb63a85471b				2869925	chr22	2026-09-27T21:19:53.828538+00:00	Real 1000 Genomes DRAGEN gVCF cohort import benchmark; region extracted without changing records
HG00160_source_index	data/D_genomicsdb/HG00160.source.tbi	download	COMPLETE	https://1000genomes-dragen.s3.us-west-2.amazonaws.com/data/dragen-3.5.7b/hg38_altaware_nohla-cnv-anchored/HG00160/HG00160.hard-filtered.gvcf.gz.tbi	1304081	9d7e02d36be5f0f09bde10406da88f4eecada09704d9e25972d7bdf40d3d48aa						2026-09-27T20:50:24.328544+00:00	Upstream tabix index for chr22 extraction
HG00171	data/D_genomicsdb/HG00171.chr22.g.vcf.gz	download_or_remote_region_extract	COMPLETE	https://1000genomes-dragen.s3.us-west-2.amazonaws.com/data/dragen-3.5.7b/hg38_altaware_nohla-cnv-anchored/HG00171/HG00171.hard-filtered.gvcf.gz	66459378	b5900a5d68f9afbf679c932fddd17baec839398d4a3b512fdc8727eab886bf9a				3284581	chr22	2026-09-27T21:23:58.310398+00:00	Real 1000 Genomes DRAGEN gVCF cohort import benchmark; region extracted without changing records
HG00171_source_index	data/D_genomicsdb/HG00171.source.tbi	download	COMPLETE	https://1000genomes-dragen.s3.us-west-2.amazonaws.com/data/dragen-3.5.7b/hg38_altaware_nohla-cnv-anchored/HG00171/HG00171.hard-filtered.gvcf.gz.tbi	1358428	d53d024f058e10ba662c9a050b961bc236a6b8b43790ef195a5b38ad354032b3						2026-09-27T20:50:25.140545+00:00	Upstream tabix index for chr22 extraction
HG00173	data/D_genomicsdb/HG00173.chr22.g.vcf.gz	download_or_remote_region_extract	COMPLETE	https://1000genomes-dragen.s3.us-west-2.amazonaws.com/data/dragen-3.5.7b/hg38_altaware_nohla-cnv-anchored/HG00173/HG00173.hard-filtered.gvcf.gz	64629549	3df4436e49b40260e6869e4681cfe648e3e375b3658a11cf7174b141aa3ada88				3327720	chr22	2026-09-27T21:23:26.152255+00:00	Real 1000 Genomes DRAGEN gVCF cohort import benchmark; region extracted without changing records
HG00173_source_index	data/D_genomicsdb/HG00173.source.tbi	download	COMPLETE	https://1000genomes-dragen.s3.us-west-2.amazonaws.com/data/dragen-3.5.7b/hg38_altaware_nohla-cnv-anchored/HG00173/HG00173.hard-filtered.gvcf.gz.tbi	1357323	1d225c86511a313b332ec3a0b366a4419049def038ea97d6a0aa26bc2c0be81b						2026-09-27T20:50:25.844545+00:00	Upstream tabix index for chr22 extraction
HG00174	data/D_genomicsdb/HG00174.chr22.g.vcf.gz	download_or_remote_region_extract	COMPLETE	https://1000genomes-dragen.s3.us-west-2.amazonaws.com/data/dragen-3.5.7b/hg38_altaware_nohla-cnv-anchored/HG00174/HG00174.hard-filtered.gvcf.gz	64975210	f0a37c9d687e8ab332bf187dfe2708fe00907b45fa22ce41dc632719e571f699				3244633	chr22	2026-09-27T21:23:21.519139+00:00	Real 1000 Genomes DRAGEN gVCF cohort import benchmark; region extracted without changing records
HG00174_source_index	data/D_genomicsdb/HG00174.source.tbi	download	COMPLETE	https://1000genomes-dragen.s3.us-west-2.amazonaws.com/data/dragen-3.5.7b/hg38_altaware_nohla-cnv-anchored/HG00174/HG00174.hard-filtered.gvcf.gz.tbi	1354390	bbdb17461a3bc176f5ff5631d1ea86616bd1834c28448ae6dccae922329f92d1						2026-09-27T20:50:25.820545+00:00	Upstream tabix index for chr22 extraction
HG00176	data/D_genomicsdb/HG00176.chr22.g.vcf.gz	download_or_remote_region_extract	COMPLETE	https://1000genomes-dragen.s3.us-west-2.amazonaws.com/data/dragen-3.5.7b/hg38_altaware_nohla-cnv-anchored/HG00176/HG00176.hard-filtered.gvcf.gz	54979546	b7b786789543076e3f1107eceb3fb7ff9f0ceb821a35d39a4cabcc848e17124a				2667235	chr22	2026-09-27T21:24:37.659967+00:00	Real 1000 Genomes DRAGEN gVCF cohort import benchmark; region extracted without changing records
HG00176_source_index	data/D_genomicsdb/HG00176.source.tbi	download	COMPLETE	https://1000genomes-dragen.s3.us-west-2.amazonaws.com/data/dragen-3.5.7b/hg38_altaware_nohla-cnv-anchored/HG00176/HG00176.hard-filtered.gvcf.gz.tbi	1339992	1ff25689f45ec605da150f5d82becde1b85e510313d7945c420e2f765c614379						2026-09-27T20:50:25.984545+00:00	Upstream tabix index for chr22 extraction
HG00177	data/D_genomicsdb/HG00177.chr22.g.vcf.gz	download_or_remote_region_extract	COMPLETE	https://1000genomes-dragen.s3.us-west-2.amazonaws.com/data/dragen-3.5.7b/hg38_altaware_nohla-cnv-anchored/HG00177/HG00177.hard-filtered.gvcf.gz	63062573	f8f7b03aed72bb49abef71a4585c0b4b2a23e4131da20681d211830197fe85fe				3253600	chr22	2026-09-27T21:26:07.666577+00:00	Real 1000 Genomes DRAGEN gVCF cohort import benchmark; region extracted without changing records
HG00177_source_index	data/D_genomicsdb/HG00177.source.tbi	download	COMPLETE	https://1000genomes-dragen.s3.us-west-2.amazonaws.com/data/dragen-3.5.7b/hg38_altaware_nohla-cnv-anchored/HG00177/HG00177.hard-filtered.gvcf.gz.tbi	1353546	edb6142078ac1740400413ef1b2d436484d482d11c5dcd56c2fc2ac22cbd6b9c						2026-09-27T20:50:26.972545+00:00	Upstream tabix index for chr22 extraction
HG00178	data/D_genomicsdb/HG00178.chr22.g.vcf.gz	download_or_remote_region_extract	COMPLETE	https://1000genomes-dragen.s3.us-west-2.amazonaws.com/data/dragen-3.5.7b/hg38_altaware_nohla-cnv-anchored/HG00178/HG00178.hard-filtered.gvcf.gz	58188118	410de19594f9159464d579c2fe40be8dfa30b489df6c6f53e99b2ccbbd982dcd				2915648	chr22	2026-09-27T21:27:02.894700+00:00	Real 1000 Genomes DRAGEN gVCF cohort import benchmark; region extracted without changing records
HG00178_source_index	data/D_genomicsdb/HG00178.source.tbi	download	COMPLETE	https://1000genomes-dragen.s3.us-west-2.amazonaws.com/data/dragen-3.5.7b/hg38_altaware_nohla-cnv-anchored/HG00178/HG00178.hard-filtered.gvcf.gz.tbi	1342997	51230cd7c993e871b3b13bf045852bb93d34ce1fe1730592409eeeb3ced14f93						2026-09-27T20:50:27.616545+00:00	Upstream tabix index for chr22 extraction
HG00179	data/D_genomicsdb/HG00179.chr22.g.vcf.gz	download_or_remote_region_extract	COMPLETE	https://1000genomes-dragen.s3.us-west-2.amazonaws.com/data/dragen-3.5.7b/hg38_altaware_nohla-cnv-anchored/HG00179/HG00179.hard-filtered.gvcf.gz	72650887	1da3a4e8be64cfe950bfb0082b04bff09e5fcc47059e99e08b37f9ff9cc23411				3748295	chr22	2026-09-27T21:27:41.474555+00:00	Real 1000 Genomes DRAGEN gVCF cohort import benchmark; region extracted without changing records
HG00179_source_index	data/D_genomicsdb/HG00179.source.tbi	download	COMPLETE	https://1000genomes-dragen.s3.us-west-2.amazonaws.com/data/dragen-3.5.7b/hg38_altaware_nohla-cnv-anchored/HG00179/HG00179.hard-filtered.gvcf.gz.tbi	1364979	239434f8e7f5f998dc50575d64e8f05841fc4b9d1a65bc2e07281c1193392643						2026-09-27T20:50:27.584545+00:00	Upstream tabix index for chr22 extraction
HG00180	data/D_genomicsdb/HG00180.chr22.g.vcf.gz	download_or_remote_region_extract	COMPLETE	https://1000genomes-dragen.s3.us-west-2.amazonaws.com/data/dragen-3.5.7b/hg38_altaware_nohla-cnv-anchored/HG00180/HG00180.hard-filtered.gvcf.gz	56148945	078aece148b6108c1e94b478a3d0978096620938e69629264fe6a4f935d69644				2731136	chr22	2026-09-27T21:27:09.224773+00:00	Real 1000 Genomes DRAGEN gVCF cohort import benchmark; region extracted without changing records
HG00180_source_index	data/D_genomicsdb/HG00180.source.tbi	download	COMPLETE	https://1000genomes-dragen.s3.us-west-2.amazonaws.com/data/dragen-3.5.7b/hg38_altaware_nohla-cnv-anchored/HG00180/HG00180.hard-filtered.gvcf.gz.tbi	1343406	7122aedfa79c7e9db13d9b1e49420f944ed7c7b0ed59cd45eb697b0a4ee253e5						2026-09-27T20:50:27.692545+00:00	Upstream tabix index for chr22 extraction
HG00181	data/D_genomicsdb/HG00181.chr22.g.vcf.gz	download_or_remote_region_extract	COMPLETE	https://1000genomes-dragen.s3.us-west-2.amazonaws.com/data/dragen-3.5.7b/hg38_altaware_nohla-cnv-anchored/HG00181/HG00181.hard-filtered.gvcf.gz	56107961	9ce87936aab4d5e82c207e61cd8793fe8b7f71b7b3382caecbabfecdc4454914				2776320	chr22	2026-09-27T21:28:59.653827+00:00	Real 1000 Genomes DRAGEN gVCF cohort import benchmark; region extracted without changing records
HG00181_source_index	data/D_genomicsdb/HG00181.source.tbi	download	COMPLETE	https://1000genomes-dragen.s3.us-west-2.amazonaws.com/data/dragen-3.5.7b/hg38_altaware_nohla-cnv-anchored/HG00181/HG00181.hard-filtered.gvcf.gz.tbi	1298419	1ee54b8119664c0e2ed6ade64c31dafa1b27e590641aded86d02b323faf84279						2026-09-27T20:50:28.816546+00:00	Upstream tabix index for chr22 extraction
HG00182	data/D_genomicsdb/HG00182.chr22.g.vcf.gz	download_or_remote_region_extract	COMPLETE	https://1000genomes-dragen.s3.us-west-2.amazonaws.com/data/dragen-3.5.7b/hg38_altaware_nohla-cnv-anchored/HG00182/HG00182.hard-filtered.gvcf.gz	59643454	ce1992aa72249664b020f669b9764e529f718607f7a39e633a875246e52382f8				2975905	chr22	2026-09-27T21:30:00.949933+00:00	Real 1000 Genomes DRAGEN gVCF cohort import benchmark; region extracted without changing records
HG00182_source_index	data/D_genomicsdb/HG00182.source.tbi	download	COMPLETE	https://1000genomes-dragen.s3.us-west-2.amazonaws.com/data/dragen-3.5.7b/hg38_altaware_nohla-cnv-anchored/HG00182/HG00182.hard-filtered.gvcf.gz.tbi	1301002	71a3eb57e8fec3770e0ca4ab3ff79883b98542fb960e1f0fedbd0f3f595ab7cc						2026-09-27T20:50:29.300546+00:00	Upstream tabix index for chr22 extraction
HG00183	data/D_genomicsdb/HG00183.chr22.g.vcf.gz	download_or_remote_region_extract	COMPLETE	https://1000genomes-dragen.s3.us-west-2.amazonaws.com/data/dragen-3.5.7b/hg38_altaware_nohla-cnv-anchored/HG00183/HG00183.hard-filtered.gvcf.gz	59771706	6dfaf2f5d8f403492e68890f7efefe636666ff28171e6f8de17677d7d93f2cc6				3016361	chr22	2026-09-27T21:29:04.310540+00:00	Real 1000 Genomes DRAGEN gVCF cohort import benchmark; region extracted without changing records
HG00183_source_index	data/D_genomicsdb/HG00183.source.tbi	download	COMPLETE	https://1000genomes-dragen.s3.us-west-2.amazonaws.com/data/dragen-3.5.7b/hg38_altaware_nohla-cnv-anchored/HG00183/HG00183.hard-filtered.gvcf.gz.tbi	1305928	6143df933f317d3db0fae5d9891334374d5d79ab0e3a1853943596a1ee7a4040						2026-09-27T20:50:29.384546+00:00	Upstream tabix index for chr22 extraction
HG00185	data/D_genomicsdb/HG00185.chr22.g.vcf.gz	download_or_remote_region_extract	COMPLETE	https://1000genomes-dragen.s3.us-west-2.amazonaws.com/data/dragen-3.5.7b/hg38_altaware_nohla-cnv-anchored/HG00185/HG00185.hard-filtered.gvcf.gz	54586254	87a8cb4c61ed0aa7755913b2dde80550a2c146c45ed021d6111048908b7fe36e				2666473	chr22	2026-09-27T21:30:56.062047+00:00	Real 1000 Genomes DRAGEN gVCF cohort import benchmark; region extracted without changing records
HG00185_source_index	data/D_genomicsdb/HG00185.source.tbi	download	COMPLETE	https://1000genomes-dragen.s3.us-west-2.amazonaws.com/data/dragen-3.5.7b/hg38_altaware_nohla-cnv-anchored/HG00185/HG00185.hard-filtered.gvcf.gz.tbi	1298178	036bb9ca010d1e978a7b257a751bfc6d0ca0c806c826f416b3d0d9a7b4fdb8ee						2026-09-27T20:50:29.420546+00:00	Upstream tabix index for chr22 extraction
HG00186	data/D_genomicsdb/HG00186.chr22.g.vcf.gz	download_or_remote_region_extract	COMPLETE	https://1000genomes-dragen.s3.us-west-2.amazonaws.com/data/dragen-3.5.7b/hg38_altaware_nohla-cnv-anchored/HG00186/HG00186.hard-filtered.gvcf.gz	65809022	268236a31c6c06e029cdc7e1123b8ae890e30e6559db46ffb86a5cd3c6f2092f				3311819	chr22	2026-09-27T21:32:48.964793+00:00	Real 1000 Genomes DRAGEN gVCF cohort import benchmark; region extracted without changing records
HG00186_source_index	data/D_genomicsdb/HG00186.source.tbi	download	COMPLETE	https://1000genomes-dragen.s3.us-west-2.amazonaws.com/data/dragen-3.5.7b/hg38_altaware_nohla-cnv-anchored/HG00186/HG00186.hard-filtered.gvcf.gz.tbi	1313788	985c0339432bcd435f3f5cabfade8f78541c6db7ffdaa5cfabb9a194dac67502						2026-09-27T20:50:30.648546+00:00	Upstream tabix index for chr22 extraction
HG00187	data/D_genomicsdb/HG00187.chr22.g.vcf.gz	download_or_remote_region_extract	COMPLETE	https://1000genomes-dragen.s3.us-west-2.amazonaws.com/data/dragen-3.5.7b/hg38_altaware_nohla-cnv-anchored/HG00187/HG00187.hard-filtered.gvcf.gz	65461475	b676fc693b0daad6a68d52ffe121fa9a0de5d25f91a4cc0fe0d0917a104d2c4b				3260080	chr22	2026-09-27T21:33:18.038471+00:00	Real 1000 Genomes DRAGEN gVCF cohort import benchmark; region extracted without changing records
HG00187_source_index	data/D_genomicsdb/HG00187.source.tbi	download	COMPLETE	https://1000genomes-dragen.s3.us-west-2.amazonaws.com/data/dragen-3.5.7b/hg38_altaware_nohla-cnv-anchored/HG00187/HG00187.hard-filtered.gvcf.gz.tbi	1313347	b6ed10eb993cef919e1bd1d07a6b43e84a4f8643b3c03f86176725b860036853						2026-09-27T20:50:31.112546+00:00	Upstream tabix index for chr22 extraction
HG00188	data/D_genomicsdb/HG00188.chr22.g.vcf.gz	download_or_remote_region_extract	COMPLETE	https://1000genomes-dragen.s3.us-west-2.amazonaws.com/data/dragen-3.5.7b/hg38_altaware_nohla-cnv-anchored/HG00188/HG00188.hard-filtered.gvcf.gz	59542317	a322e7197198892fd7bba5e9842579c19d9deefe15bbb0bbbb78250cd1f27610				3008936	chr22	2026-09-27T21:32:57.800311+00:00	Real 1000 Genomes DRAGEN gVCF cohort import benchmark; region extracted without changing records
HG00188_source_index	data/D_genomicsdb/HG00188.source.tbi	download	COMPLETE	https://1000genomes-dragen.s3.us-west-2.amazonaws.com/data/dragen-3.5.7b/hg38_altaware_nohla-cnv-anchored/HG00188/HG00188.hard-filtered.gvcf.gz.tbi	1305312	582f462387c6daae14377e3ea5edd8dab54d4f177306a10ea22531cee8a43387						2026-09-27T20:50:31.204546+00:00	Upstream tabix index for chr22 extraction
HG00189	data/D_genomicsdb/HG00189.chr22.g.vcf.gz	download_or_remote_region_extract	COMPLETE	https://1000genomes-dragen.s3.us-west-2.amazonaws.com/data/dragen-3.5.7b/hg38_altaware_nohla-cnv-anchored/HG00189/HG00189.hard-filtered.gvcf.gz	64497212	8a078b7461c2f52206df84688bf03a083dcdf3297f5da0a0269c223845d929df				3328207	chr22	2026-09-27T21:34:35.993935+00:00	Real 1000 Genomes DRAGEN gVCF cohort import benchmark; region extracted without changing records
HG00189_source_index	data/D_genomicsdb/HG00189.source.tbi	download	COMPLETE	https://1000genomes-dragen.s3.us-west-2.amazonaws.com/data/dragen-3.5.7b/hg38_altaware_nohla-cnv-anchored/HG00189/HG00189.hard-filtered.gvcf.gz.tbi	1312935	55e2c342d9d7ba0c1432f68bb96ec632a46fefbb19aa00f50b556bb34c0785ef						2026-09-27T20:50:31.184546+00:00	Upstream tabix index for chr22 extraction
HG00190	data/D_genomicsdb/HG00190.chr22.g.vcf.gz	download_or_remote_region_extract	COMPLETE	https://1000genomes-dragen.s3.us-west-2.amazonaws.com/data/dragen-3.5.7b/hg38_altaware_nohla-cnv-anchored/HG00190/HG00190.hard-filtered.gvcf.gz	65418058	db21819160a2f57951d29c22c64c39108463c8f51ef1c4fc7a87e90e9d049b1c				3296490	chr22	2026-09-27T21:34:39.113555+00:00	Real 1000 Genomes DRAGEN gVCF cohort import benchmark; region extracted without changing records
HG00190_source_index	data/D_genomicsdb/HG00190.source.tbi	download	COMPLETE	https://1000genomes-dragen.s3.us-west-2.amazonaws.com/data/dragen-3.5.7b/hg38_altaware_nohla-cnv-anchored/HG00190/HG00190.hard-filtered.gvcf.gz.tbi	1310732	27291da31c8fe0d10654a3b9e76c6538c431fccaf6833212780aac5631984ffa						2026-09-27T20:50:32.292547+00:00	Upstream tabix index for chr22 extraction
HG00231	data/D_genomicsdb/HG00231.chr22.g.vcf.gz	download_or_remote_region_extract	COMPLETE	https://1000genomes-dragen.s3.us-west-2.amazonaws.com/data/dragen-3.5.7b/hg38_altaware_nohla-cnv-anchored/HG00231/HG00231.hard-filtered.gvcf.gz	61116334	d6ac714a24e4d5090473996682956f77f51d036007e75ed79c6a1d65556ea87d				3090627	chr22	2026-09-27T21:35:02.173187+00:00	Real 1000 Genomes DRAGEN gVCF cohort import benchmark; region extracted without changing records
HG00231_source_index	data/D_genomicsdb/HG00231.source.tbi	download	COMPLETE	https://1000genomes-dragen.s3.us-west-2.amazonaws.com/data/dragen-3.5.7b/hg38_altaware_nohla-cnv-anchored/HG00231/HG00231.hard-filtered.gvcf.gz.tbi	1347409	af8c43fb589cb255bb33e2d110a4d39581f15121703f83db7be0abc86fc88633						2026-09-27T20:50:32.916547+00:00	Upstream tabix index for chr22 extraction
HG00232	data/D_genomicsdb/HG00232.chr22.g.vcf.gz	download_or_remote_region_extract	COMPLETE	https://1000genomes-dragen.s3.us-west-2.amazonaws.com/data/dragen-3.5.7b/hg38_altaware_nohla-cnv-anchored/HG00232/HG00232.hard-filtered.gvcf.gz	27322796	c121c0c830a78157abfd4e31f6c981169a5f2ac6fa7eddb9593011f2ee3f1a17				1082125	chr22	2026-09-27T21:34:55.072150+00:00	Real 1000 Genomes DRAGEN gVCF cohort import benchmark; region extracted without changing records
HG00232_source_index	data/D_genomicsdb/HG00232.source.tbi	download	COMPLETE	https://1000genomes-dragen.s3.us-west-2.amazonaws.com/data/dragen-3.5.7b/hg38_altaware_nohla-cnv-anchored/HG00232/HG00232.hard-filtered.gvcf.gz.tbi	1004671	fac40dff97bc1e1b26d98d8f82a1ea20aa949317fab70af244cea2717351af1b						2026-09-27T20:50:32.812547+00:00	Upstream tabix index for chr22 extraction
HG00233	data/D_genomicsdb/HG00233.chr22.g.vcf.gz	download_or_remote_region_extract	COMPLETE	https://1000genomes-dragen.s3.us-west-2.amazonaws.com/data/dragen-3.5.7b/hg38_altaware_nohla-cnv-anchored/HG00233/HG00233.hard-filtered.gvcf.gz	44798452	bca26edc9015c138daee8fea1c1d5c97e4b85daba1c60b318f6cf03829829d15				1975412	chr22	2026-09-27T21:37:31.664069+00:00	Real 1000 Genomes DRAGEN gVCF cohort import benchmark; region extracted without changing records
HG00233_source_index	data/D_genomicsdb/HG00233.source.tbi	download	COMPLETE	https://1000genomes-dragen.s3.us-west-2.amazonaws.com/data/dragen-3.5.7b/hg38_altaware_nohla-cnv-anchored/HG00233/HG00233.hard-filtered.gvcf.gz.tbi	1307000	a0d32fa98e9669f2d9456b113dfb9c6fd0e0caccff654146308b52ca29ef0702						2026-09-27T20:50:32.944547+00:00	Upstream tabix index for chr22 extraction
HG00234	data/D_genomicsdb/HG00234.chr22.g.vcf.gz	download_or_remote_region_extract	COMPLETE	https://1000genomes-dragen.s3.us-west-2.amazonaws.com/data/dragen-3.5.7b/hg38_altaware_nohla-cnv-anchored/HG00234/HG00234.hard-filtered.gvcf.gz	54711192	119ae161af23bb566e52c63c0dbad1fee76555a696a272e9a1321f754c0dd28c				2554753	chr22	2026-09-27T21:37:51.785069+00:00	Real 1000 Genomes DRAGEN gVCF cohort import benchmark; region extracted without changing records
HG00234_source_index	data/D_genomicsdb/HG00234.source.tbi	download	COMPLETE	https://1000genomes-dragen.s3.us-west-2.amazonaws.com/data/dragen-3.5.7b/hg38_altaware_nohla-cnv-anchored/HG00234/HG00234.hard-filtered.gvcf.gz.tbi	1295316	952cb5e10184af1865e9cc282412f9f4b5e8b3e2235c68df59dabe9a66f2d6c8						2026-09-27T20:50:34.180547+00:00	Upstream tabix index for chr22 extraction
HG00235	data/D_genomicsdb/HG00235.chr22.g.vcf.gz	download_or_remote_region_extract	COMPLETE	https://1000genomes-dragen.s3.us-west-2.amazonaws.com/data/dragen-3.5.7b/hg38_altaware_nohla-cnv-anchored/HG00235/HG00235.hard-filtered.gvcf.gz	47832789	097b368e6a382df8c41a6c57233439a58fa2aff73bddd75bf2f276cfc7c487d7				2203478	chr22	2026-09-27T21:36:26.237436+00:00	Real 1000 Genomes DRAGEN gVCF cohort import benchmark; region extracted without changing records
HG00235_source_index	data/D_genomicsdb/HG00235.source.tbi	download	COMPLETE	https://1000genomes-dragen.s3.us-west-2.amazonaws.com/data/dragen-3.5.7b/hg38_altaware_nohla-cnv-anchored/HG00235/HG00235.hard-filtered.gvcf.gz.tbi	1331448	8e94a5666d5534c814b0bc1cd52a32b38ef315327c250760636fc0f4862ed2c1						2026-09-27T20:50:34.584547+00:00	Upstream tabix index for chr22 extraction
HG00236	data/D_genomicsdb/HG00236.chr22.g.vcf.gz	download_or_remote_region_extract	COMPLETE	https://1000genomes-dragen.s3.us-west-2.amazonaws.com/data/dragen-3.5.7b/hg38_altaware_nohla-cnv-anchored/HG00236/HG00236.hard-filtered.gvcf.gz	49451388	fd6573cf8304bd544b53e6b71bf93d5ee42e4ff3d15977d8b476db782db7d0c6				2274491	chr22	2026-09-27T21:36:52.630971+00:00	Real 1000 Genomes DRAGEN gVCF cohort import benchmark; region extracted without changing records
HG00236_source_index	data/D_genomicsdb/HG00236.source.tbi	download	COMPLETE	https://1000genomes-dragen.s3.us-west-2.amazonaws.com/data/dragen-3.5.7b/hg38_altaware_nohla-cnv-anchored/HG00236/HG00236.hard-filtered.gvcf.gz.tbi	1332222	08428b8ae2c3a546f712365fe42b5652a200f417c13996cfbb2b3d75200dd634						2026-09-27T20:50:34.632547+00:00	Upstream tabix index for chr22 extraction
HG00237	data/D_genomicsdb/HG00237.chr22.g.vcf.gz	download_or_remote_region_extract	COMPLETE	https://1000genomes-dragen.s3.us-west-2.amazonaws.com/data/dragen-3.5.7b/hg38_altaware_nohla-cnv-anchored/HG00237/HG00237.hard-filtered.gvcf.gz	61255327	6444b8165fab6ce3e70154ff671184e24d8239246da507761657be8cec910aac				3094211	chr22	2026-09-27T21:39:37.781686+00:00	Real 1000 Genomes DRAGEN gVCF cohort import benchmark; region extracted without changing records
HG00237_source_index	data/D_genomicsdb/HG00237.source.tbi	download	COMPLETE	https://1000genomes-dragen.s3.us-west-2.amazonaws.com/data/dragen-3.5.7b/hg38_altaware_nohla-cnv-anchored/HG00237/HG00237.hard-filtered.gvcf.gz.tbi	1348647	351dda5a7332c7ef9dd10e566d1f118c2dcb4c5797b6ab636fb516a8b752bf13						2026-09-27T20:50:37.368548+00:00	Upstream tabix index for chr22 extraction
HG00238	data/D_genomicsdb/HG00238.chr22.g.vcf.gz	download_or_remote_region_extract	COMPLETE	https://1000genomes-dragen.s3.us-west-2.amazonaws.com/data/dragen-3.5.7b/hg38_altaware_nohla-cnv-anchored/HG00238/HG00238.hard-filtered.gvcf.gz	75975256	e9208f76cd165aa3c22a4d95174fde8ee36302cbf828454bb66e65c589a32a88				4002872	chr22	2026-09-27T21:40:55.440248+00:00	Real 1000 Genomes DRAGEN gVCF cohort import benchmark; region extracted without changing records
HG00238_source_index	data/D_genomicsdb/HG00238.source.tbi	download	COMPLETE	https://1000genomes-dragen.s3.us-west-2.amazonaws.com/data/dragen-3.5.7b/hg38_altaware_nohla-cnv-anchored/HG00238/HG00238.hard-filtered.gvcf.gz.tbi	1370565	f92d2a2db6604784ac2428519ba253192485b9966192657e8db2d56ea482f909						2026-09-27T20:50:35.824548+00:00	Upstream tabix index for chr22 extraction
HG00239	data/D_genomicsdb/HG00239.chr22.g.vcf.gz	download_or_remote_region_extract	COMPLETE	https://1000genomes-dragen.s3.us-west-2.amazonaws.com/data/dragen-3.5.7b/hg38_altaware_nohla-cnv-anchored/HG00239/HG00239.hard-filtered.gvcf.gz	58262726	69051296f8e57d85fee713cfaae8f0beed5ceecf7baf47bae51ac436361725c0				2825552	chr22	2026-09-27T21:39:20.369141+00:00	Real 1000 Genomes DRAGEN gVCF cohort import benchmark; region extracted without changing records
HG00239_source_index	data/D_genomicsdb/HG00239.source.tbi	download	COMPLETE	https://1000genomes-dragen.s3.us-west-2.amazonaws.com/data/dragen-3.5.7b/hg38_altaware_nohla-cnv-anchored/HG00239/HG00239.hard-filtered.gvcf.gz.tbi	1347540	ee62c4700fe3bb31f922284238ff29afabfcb81bbc2bca957b18588d0b12f35e						2026-09-27T20:50:36.288548+00:00	Upstream tabix index for chr22 extraction
HG00240	data/D_genomicsdb/HG00240.chr22.g.vcf.gz	download_or_remote_region_extract	COMPLETE	https://1000genomes-dragen.s3.us-west-2.amazonaws.com/data/dragen-3.5.7b/hg38_altaware_nohla-cnv-anchored/HG00240/HG00240.hard-filtered.gvcf.gz	66126891	e6cb91dbf33c9a8cfa846dd6bba3e6bf16781bd01b534b3f3438485b0b3209f3				3458325	chr22	2026-09-27T21:41:23.972172+00:00	Real 1000 Genomes DRAGEN gVCF cohort import benchmark; region extracted without changing records
HG00240_source_index	data/D_genomicsdb/HG00240.source.tbi	download	COMPLETE	https://1000genomes-dragen.s3.us-west-2.amazonaws.com/data/dragen-3.5.7b/hg38_altaware_nohla-cnv-anchored/HG00240/HG00240.hard-filtered.gvcf.gz.tbi	1354863	f45801ec9f53e3403ef2b946dd5fd0e3cfbaee465e2e31bf4f788e935b9ad749						2026-09-27T20:50:36.344548+00:00	Upstream tabix index for chr22 extraction
HG00242	data/D_genomicsdb/HG00242.chr22.g.vcf.gz	download_or_remote_region_extract	COMPLETE	https://1000genomes-dragen.s3.us-west-2.amazonaws.com/data/dragen-3.5.7b/hg38_altaware_nohla-cnv-anchored/HG00242/HG00242.hard-filtered.gvcf.gz	43770083	9594fd60ff8b4d42e7b1c84f6a31a8ad5aeb3729196588c097b9249b37488ffe				1946967	chr22	2026-09-27T21:41:11.644333+00:00	Real 1000 Genomes DRAGEN gVCF cohort import benchmark; region extracted without changing records
HG00242_source_index	data/D_genomicsdb/HG00242.source.tbi	download	COMPLETE	https://1000genomes-dragen.s3.us-west-2.amazonaws.com/data/dragen-3.5.7b/hg38_altaware_nohla-cnv-anchored/HG00242/HG00242.hard-filtered.gvcf.gz.tbi	1268960	8795ef6e51789090915c162609a8d75292ca3ec1ccdf476d3ab8aba3d31b18cd						2026-09-27T20:50:37.600548+00:00	Upstream tabix index for chr22 extraction
HG00243	data/D_genomicsdb/HG00243.chr22.g.vcf.gz	download_or_remote_region_extract	COMPLETE	https://1000genomes-dragen.s3.us-west-2.amazonaws.com/data/dragen-3.5.7b/hg38_altaware_nohla-cnv-anchored/HG00243/HG00243.hard-filtered.gvcf.gz	40365771	242c145ac5faedc7a91e653cc36b264171b7280380ba3b677b362192ee5122f3				1783313	chr22	2026-09-27T21:42:15.993001+00:00	Real 1000 Genomes DRAGEN gVCF cohort import benchmark; region extracted without changing records
HG00243_source_index	data/D_genomicsdb/HG00243.source.tbi	download	COMPLETE	https://1000genomes-dragen.s3.us-west-2.amazonaws.com/data/dragen-3.5.7b/hg38_altaware_nohla-cnv-anchored/HG00243/HG00243.hard-filtered.gvcf.gz.tbi	1269380	e92c01358b9c655f79a2bc0b8434296c49678670f819274ba97461e0e988ca5b						2026-09-27T20:50:37.996548+00:00	Upstream tabix index for chr22 extraction
HG00244	data/D_genomicsdb/HG00244.chr22.g.vcf.gz	download_or_remote_region_extract	COMPLETE	https://1000genomes-dragen.s3.us-west-2.amazonaws.com/data/dragen-3.5.7b/hg38_altaware_nohla-cnv-anchored/HG00244/HG00244.hard-filtered.gvcf.gz	55371323	3d9e0ff347bd1410aed73987bd551e8ce8cf41103fbd2feb42ee357590b9d9f8				2645995	chr22	2026-09-27T21:42:36.914620+00:00	Real 1000 Genomes DRAGEN gVCF cohort import benchmark; region extracted without changing records
HG00244_source_index	data/D_genomicsdb/HG00244.source.tbi	download	COMPLETE	https://1000genomes-dragen.s3.us-west-2.amazonaws.com/data/dragen-3.5.7b/hg38_altaware_nohla-cnv-anchored/HG00244/HG00244.hard-filtered.gvcf.gz.tbi	1299487	2e7781a7309f2e9b496d079f86b57c006892e67a6804382a27e709abf55ef1f8						2026-09-27T20:50:38.196548+00:00	Upstream tabix index for chr22 extraction
HG00245	data/D_genomicsdb/HG00245.chr22.g.vcf.gz	download_or_remote_region_extract	COMPLETE	https://1000genomes-dragen.s3.us-west-2.amazonaws.com/data/dragen-3.5.7b/hg38_altaware_nohla-cnv-anchored/HG00245/HG00245.hard-filtered.gvcf.gz	42690798	5cf19d29dfb7b28e35db00181ec5bca9b5f43b2b293869f22ed61bdf6cbe1e69				1893419	chr22	2026-09-27T21:43:37.170404+00:00	Real 1000 Genomes DRAGEN gVCF cohort import benchmark; region extracted without changing records
HG00245_source_index	data/D_genomicsdb/HG00245.source.tbi	download	COMPLETE	https://1000genomes-dragen.s3.us-west-2.amazonaws.com/data/dragen-3.5.7b/hg38_altaware_nohla-cnv-anchored/HG00245/HG00245.hard-filtered.gvcf.gz.tbi	1288360	aaab064df917eaa664ddb21a70c7d096321abd138da61304dc1a1844182db316						2026-09-27T20:50:39.140548+00:00	Upstream tabix index for chr22 extraction
HG00246	data/D_genomicsdb/HG00246.chr22.g.vcf.gz	download_or_remote_region_extract	COMPLETE	https://1000genomes-dragen.s3.us-west-2.amazonaws.com/data/dragen-3.5.7b/hg38_altaware_nohla-cnv-anchored/HG00246/HG00246.hard-filtered.gvcf.gz	66629310	8ff64936ebadd233e648d6d8c9c189ae0f285d9311c54071baf30e18b700e2d8				3371607	chr22	2026-09-27T21:43:23.438637+00:00	Real 1000 Genomes DRAGEN gVCF cohort import benchmark; region extracted without changing records
HG00246_source_index	data/D_genomicsdb/HG00246.source.tbi	download	COMPLETE	https://1000genomes-dragen.s3.us-west-2.amazonaws.com/data/dragen-3.5.7b/hg38_altaware_nohla-cnv-anchored/HG00246/HG00246.hard-filtered.gvcf.gz.tbi	1314312	b7973cf04213ef42a2937fb15ab165cf5ef339ae56438adbff254109f081b87c						2026-09-27T20:50:43.152549+00:00	Upstream tabix index for chr22 extraction
HG00250	data/D_genomicsdb/HG00250.chr22.g.vcf.gz	download_or_remote_region_extract	COMPLETE	https://1000genomes-dragen.s3.us-west-2.amazonaws.com/data/dragen-3.5.7b/hg38_altaware_nohla-cnv-anchored/HG00250/HG00250.hard-filtered.gvcf.gz	65197914	4d17ce024c7da6ff7b61652b23290358cefb9ecf990fef0a6584c89e4c96fa5e				3338047	chr22	2026-09-27T21:45:32.850032+00:00	Real 1000 Genomes DRAGEN gVCF cohort import benchmark; region extracted without changing records
HG00250_source_index	data/D_genomicsdb/HG00250.source.tbi	download	COMPLETE	https://1000genomes-dragen.s3.us-west-2.amazonaws.com/data/dragen-3.5.7b/hg38_altaware_nohla-cnv-anchored/HG00250/HG00250.hard-filtered.gvcf.gz.tbi	1353388	4d4411479d3523ebf7dc486466c9637338db675cff77e30ce30f3e2b15f68993						2026-09-27T20:50:41.008549+00:00	Upstream tabix index for chr22 extraction
HG00251	data/D_genomicsdb/HG00251.chr22.g.vcf.gz	download_or_remote_region_extract	COMPLETE	https://1000genomes-dragen.s3.us-west-2.amazonaws.com/data/dragen-3.5.7b/hg38_altaware_nohla-cnv-anchored/HG00251/HG00251.hard-filtered.gvcf.gz	44784088	d4aac7eb17ffd1f4feb506223289ca37edbb9ace88823f724a143a2945aa119c				1983190	chr22	2026-09-27T21:45:12.932512+00:00	Real 1000 Genomes DRAGEN gVCF cohort import benchmark; region extracted without changing records
HG00251_source_index	data/D_genomicsdb/HG00251.source.tbi	download	COMPLETE	https://1000genomes-dragen.s3.us-west-2.amazonaws.com/data/dragen-3.5.7b/hg38_altaware_nohla-cnv-anchored/HG00251/HG00251.hard-filtered.gvcf.gz.tbi	1275208	66e7b0b2e006fb0e99dfc467bd29340c86137cc04915c19f30afa1ff8fbe0702						2026-09-27T20:50:42.092549+00:00	Upstream tabix index for chr22 extraction
HG00252	data/D_genomicsdb/HG00252.chr22.g.vcf.gz	download_or_remote_region_extract	COMPLETE	https://1000genomes-dragen.s3.us-west-2.amazonaws.com/data/dragen-3.5.7b/hg38_altaware_nohla-cnv-anchored/HG00252/HG00252.hard-filtered.gvcf.gz	56372304	ccd5f845d853cd6b4e9ea243f041f6c0b8f38427b0efc711d990aa11852ee1ee				2775302	chr22	2026-09-27T21:46:28.003218+00:00	Real 1000 Genomes DRAGEN gVCF cohort import benchmark; region extracted without changing records
HG00252_source_index	data/D_genomicsdb/HG00252.source.tbi	download	COMPLETE	https://1000genomes-dragen.s3.us-west-2.amazonaws.com/data/dragen-3.5.7b/hg38_altaware_nohla-cnv-anchored/HG00252/HG00252.hard-filtered.gvcf.gz.tbi	1301223	3ec0154974084f575b3af529898ae1e210818b21b3652d64fb3d894f0aee2005						2026-09-27T20:50:40.860549+00:00	Upstream tabix index for chr22 extraction
HG00253	data/D_genomicsdb/HG00253.chr22.g.vcf.gz	download_or_remote_region_extract	COMPLETE	https://1000genomes-dragen.s3.us-west-2.amazonaws.com/data/dragen-3.5.7b/hg38_altaware_nohla-cnv-anchored/HG00253/HG00253.hard-filtered.gvcf.gz	51209686	2932b9974662e2831e642d9fe28aebee40ee610db4d8d593bf7a73de0f464bb2				2434672	chr22	2026-09-27T21:45:24.984258+00:00	Real 1000 Genomes DRAGEN gVCF cohort import benchmark; region extracted without changing records
HG00253_source_index	data/D_genomicsdb/HG00253.source.tbi	download	COMPLETE	https://1000genomes-dragen.s3.us-west-2.amazonaws.com/data/dragen-3.5.7b/hg38_altaware_nohla-cnv-anchored/HG00253/HG00253.hard-filtered.gvcf.gz.tbi	1335422	f701306bb8b5cc792087e0029761ba3120a286126a3d780152484546c839f3c0						2026-09-27T20:50:42.668549+00:00	Upstream tabix index for chr22 extraction
HG00254	data/D_genomicsdb/HG00254.chr22.g.vcf.gz	download_or_remote_region_extract	COMPLETE	https://1000genomes-dragen.s3.us-west-2.amazonaws.com/data/dragen-3.5.7b/hg38_altaware_nohla-cnv-anchored/HG00254/HG00254.hard-filtered.gvcf.gz	57307910	f5b7bbfad3e9b2c5f18632e50fa45177a038bf782ddec8ad360ff287993393af				2811668	chr22	2026-09-27T21:48:19.627625+00:00	Real 1000 Genomes DRAGEN gVCF cohort import benchmark; region extracted without changing records
HG00254_source_index	data/D_genomicsdb/HG00254.source.tbi	download	COMPLETE	https://1000genomes-dragen.s3.us-west-2.amazonaws.com/data/dragen-3.5.7b/hg38_altaware_nohla-cnv-anchored/HG00254/HG00254.hard-filtered.gvcf.gz.tbi	1343860	c75a79025ea411473cb2729cbe6aa695bdb1e66e9c45b3c6de8b737e132a1862						2026-09-27T20:50:42.744549+00:00	Upstream tabix index for chr22 extraction
HG00255	data/D_genomicsdb/HG00255.chr22.g.vcf.gz	download_or_remote_region_extract	COMPLETE	https://1000genomes-dragen.s3.us-west-2.amazonaws.com/data/dragen-3.5.7b/hg38_altaware_nohla-cnv-anchored/HG00255/HG00255.hard-filtered.gvcf.gz	53545516	2a0df64c1469581591a0fadb6af29ff672bb2dd2927649291c5af53dee1b49ce				2581419	chr22	2026-09-27T21:46:54.494136+00:00	Real 1000 Genomes DRAGEN gVCF cohort import benchmark; region extracted without changing records
HG00255_source_index	data/D_genomicsdb/HG00255.source.tbi	download	COMPLETE	https://1000genomes-dragen.s3.us-west-2.amazonaws.com/data/dragen-3.5.7b/hg38_altaware_nohla-cnv-anchored/HG00255/HG00255.hard-filtered.gvcf.gz.tbi	1338717	dfef65cbed3984f4158e689983fa6a810d732b24e93c24e4de23aa8f5bc22bd9						2026-09-27T20:50:43.796549+00:00	Upstream tabix index for chr22 extraction
HG00256	data/D_genomicsdb/HG00256.chr22.g.vcf.gz	download_or_remote_region_extract	COMPLETE	https://1000genomes-dragen.s3.us-west-2.amazonaws.com/data/dragen-3.5.7b/hg38_altaware_nohla-cnv-anchored/HG00256/HG00256.hard-filtered.gvcf.gz	55274953	21b0837b6b2a149a16f4697ab1212d18cf8662d1aa6ef4cb725088c10d44f77d				2755305	chr22	2026-09-27T21:46:53.971490+00:00	Real 1000 Genomes DRAGEN gVCF cohort import benchmark; region extracted without changing records
HG00256_source_index	data/D_genomicsdb/HG00256.source.tbi	download	COMPLETE	https://1000genomes-dragen.s3.us-west-2.amazonaws.com/data/dragen-3.5.7b/hg38_altaware_nohla-cnv-anchored/HG00256/HG00256.hard-filtered.gvcf.gz.tbi	1297880	af33e9cc7f3fbc4a96c8b2c281f25d1d5d3cb8ad67d163266700d3d1b76da347						2026-09-27T20:50:44.328550+00:00	Upstream tabix index for chr22 extraction
HG00257	data/D_genomicsdb/HG00257.chr22.g.vcf.gz	download_or_remote_region_extract	COMPLETE	https://1000genomes-dragen.s3.us-west-2.amazonaws.com/data/dragen-3.5.7b/hg38_altaware_nohla-cnv-anchored/HG00257/HG00257.hard-filtered.gvcf.gz	59281016	8294d37451d2716f577d1591ff572095a166a44c3c4cf3d4eab1ea608ce284ce				2919298	chr22	2026-09-27T21:49:23.906955+00:00	Real 1000 Genomes DRAGEN gVCF cohort import benchmark; region extracted without changing records
HG00257_source_index	data/D_genomicsdb/HG00257.source.tbi	download	COMPLETE	https://1000genomes-dragen.s3.us-west-2.amazonaws.com/data/dragen-3.5.7b/hg38_altaware_nohla-cnv-anchored/HG00257/HG00257.hard-filtered.gvcf.gz.tbi	1347410	ddcbe9ab1fbf7fd8c5d993c4ba2b8bf7e4b247f56ba57b2171972329d873b0ce						2026-09-27T20:50:46.156550+00:00	Upstream tabix index for chr22 extraction
HG00258	data/D_genomicsdb/HG00258.chr22.g.vcf.gz	download_or_remote_region_extract	COMPLETE	https://1000genomes-dragen.s3.us-west-2.amazonaws.com/data/dragen-3.5.7b/hg38_altaware_nohla-cnv-anchored/HG00258/HG00258.hard-filtered.gvcf.gz	53540157	b840fbfe915c4d53f96a6a58c7a1318d30c54d60ce55998127ce4620ae859464				2528140	chr22	2026-09-27T21:48:53.501859+00:00	Real 1000 Genomes DRAGEN gVCF cohort import benchmark; region extracted without changing records
HG00258_source_index	data/D_genomicsdb/HG00258.source.tbi	download	COMPLETE	https://1000genomes-dragen.s3.us-west-2.amazonaws.com/data/dragen-3.5.7b/hg38_altaware_nohla-cnv-anchored/HG00258/HG00258.hard-filtered.gvcf.gz.tbi	1338419	a905156c5bd21d33c4803b9f4f9ea3217094094884e942df284c482a095cf122						2026-09-27T20:50:45.760550+00:00	Upstream tabix index for chr22 extraction
HG00259	data/D_genomicsdb/HG00259.chr22.g.vcf.gz	download_or_remote_region_extract	COMPLETE	https://1000genomes-dragen.s3.us-west-2.amazonaws.com/data/dragen-3.5.7b/hg38_altaware_nohla-cnv-anchored/HG00259/HG00259.hard-filtered.gvcf.gz	64866047	9231ba2ec2e0aa1da72479fbe2bdd9041bd35035c04b47cbf7552d34ad77f49b				3341563	chr22	2026-09-27T21:48:53.107426+00:00	Real 1000 Genomes DRAGEN gVCF cohort import benchmark; region extracted without changing records
HG00259_source_index	data/D_genomicsdb/HG00259.source.tbi	download	COMPLETE	https://1000genomes-dragen.s3.us-west-2.amazonaws.com/data/dragen-3.5.7b/hg38_altaware_nohla-cnv-anchored/HG00259/HG00259.hard-filtered.gvcf.gz.tbi	1354058	48e2d5adf98ba68b0da19713c2527151112f6e7b52eee9f812a0f9dc22c2c114						2026-09-27T20:50:45.492550+00:00	Upstream tabix index for chr22 extraction
HG00260	data/D_genomicsdb/HG00260.chr22.g.vcf.gz	download_or_remote_region_extract	COMPLETE	https://1000genomes-dragen.s3.us-west-2.amazonaws.com/data/dragen-3.5.7b/hg38_altaware_nohla-cnv-anchored/HG00260/HG00260.hard-filtered.gvcf.gz	68340562	69397730c7afafb119f9826d557d47331cd902c706289f4d2081d3dfe2b68d6f				3493922	chr22	2026-09-27T21:51:40.917364+00:00	Real 1000 Genomes DRAGEN gVCF cohort import benchmark; region extracted without changing records
HG00260_source_index	data/D_genomicsdb/HG00260.source.tbi	download	COMPLETE	https://1000genomes-dragen.s3.us-west-2.amazonaws.com/data/dragen-3.5.7b/hg38_altaware_nohla-cnv-anchored/HG00260/HG00260.hard-filtered.gvcf.gz.tbi	1323355	35fe4d5715e6c1c82d38783d29f51670cc5ccece68bb019ff903937abcf9b7f4						2026-09-27T20:50:46.080550+00:00	Upstream tabix index for chr22 extraction
HG00261	data/D_genomicsdb/HG00261.chr22.g.vcf.gz	download_or_remote_region_extract	COMPLETE	https://1000genomes-dragen.s3.us-west-2.amazonaws.com/data/dragen-3.5.7b/hg38_altaware_nohla-cnv-anchored/HG00261/HG00261.hard-filtered.gvcf.gz	64263415	b32b8b842210695a1478c7b10201e9352f8b30a1e1ebbd8098a5e47529d8acea				3289206	chr22	2026-09-27T21:51:51.035174+00:00	Real 1000 Genomes DRAGEN gVCF cohort import benchmark; region extracted without changing records
HG00261_source_index	data/D_genomicsdb/HG00261.source.tbi	download	COMPLETE	https://1000genomes-dragen.s3.us-west-2.amazonaws.com/data/dragen-3.5.7b/hg38_altaware_nohla-cnv-anchored/HG00261/HG00261.hard-filtered.gvcf.gz.tbi	1354384	62735ef10f346e99ca16da92764b5a0f24136b935420eaa2d74ade520777c248						2026-09-27T20:50:47.164550+00:00	Upstream tabix index for chr22 extraction
HG00262	data/D_genomicsdb/HG00262.chr22.g.vcf.gz	download_or_remote_region_extract	COMPLETE	https://1000genomes-dragen.s3.us-west-2.amazonaws.com/data/dragen-3.5.7b/hg38_altaware_nohla-cnv-anchored/HG00262/HG00262.hard-filtered.gvcf.gz	59607685	8931007ecec6a0cc90a621aff283cf425263b5ea301a80559d35e74f5717e09f				3048760	chr22	2026-09-27T21:51:46.536689+00:00	Real 1000 Genomes DRAGEN gVCF cohort import benchmark; region extracted without changing records
HG00262_source_index	data/D_genomicsdb/HG00262.source.tbi	download	COMPLETE	https://1000genomes-dragen.s3.us-west-2.amazonaws.com/data/dragen-3.5.7b/hg38_altaware_nohla-cnv-anchored/HG00262/HG00262.hard-filtered.gvcf.gz.tbi	1345061	ce062d10991713203dae357e6995fbc7fc756bff51f2c2e73da1e2cbc8d133ab						2026-09-27T20:50:47.476550+00:00	Upstream tabix index for chr22 extraction
HG00263	data/D_genomicsdb/HG00263.chr22.g.vcf.gz	download_or_remote_region_extract	COMPLETE	https://1000genomes-dragen.s3.us-west-2.amazonaws.com/data/dragen-3.5.7b/hg38_altaware_nohla-cnv-anchored/HG00263/HG00263.hard-filtered.gvcf.gz	68827678	57bebae74748daa9c300cfc6f785b7c35a7608a4b43a4ae51a1dc677d1fa6708				3575621	chr22	2026-09-27T21:52:04.609017+00:00	Real 1000 Genomes DRAGEN gVCF cohort import benchmark; region extracted without changing records
HG00263_source_index	data/D_genomicsdb/HG00263.source.tbi	download	COMPLETE	https://1000genomes-dragen.s3.us-west-2.amazonaws.com/data/dragen-3.5.7b/hg38_altaware_nohla-cnv-anchored/HG00263/HG00263.hard-filtered.gvcf.gz.tbi	1361411	f76b3339c3fac3f68f75b8e8401f5e292d814eca6aaea6f044965960b6ef4063						2026-09-27T20:50:47.808550+00:00	Upstream tabix index for chr22 extraction
HG00264	data/D_genomicsdb/HG00264.chr22.g.vcf.gz	download_or_remote_region_extract	COMPLETE	https://1000genomes-dragen.s3.us-west-2.amazonaws.com/data/dragen-3.5.7b/hg38_altaware_nohla-cnv-anchored/HG00264/HG00264.hard-filtered.gvcf.gz	57767616	cbbebd5ba128956fd9dcc848420b2bb70083cf2fc45c149e401353178cc7475d				2844669	chr22	2026-09-27T21:53:54.710539+00:00	Real 1000 Genomes DRAGEN gVCF cohort import benchmark; region extracted without changing records
HG00264_source_index	data/D_genomicsdb/HG00264.source.tbi	download	COMPLETE	https://1000genomes-dragen.s3.us-west-2.amazonaws.com/data/dragen-3.5.7b/hg38_altaware_nohla-cnv-anchored/HG00264/HG00264.hard-filtered.gvcf.gz.tbi	1304969	6566897561d8791013ab1fa38aa38a02ed88035fadfa8b8c09323ed53a12622a						2026-09-27T20:50:47.888550+00:00	Upstream tabix index for chr22 extraction
HG00265	data/D_genomicsdb/HG00265.chr22.g.vcf.gz	download_or_remote_region_extract	COMPLETE	https://1000genomes-dragen.s3.us-west-2.amazonaws.com/data/dragen-3.5.7b/hg38_altaware_nohla-cnv-anchored/HG00265/HG00265.hard-filtered.gvcf.gz	50720594	e6671b269f907815a7e5a073463eb5820ea32ba73435ea4011982f4100d7d230				2403965	chr22	2026-09-27T21:53:48.247608+00:00	Real 1000 Genomes DRAGEN gVCF cohort import benchmark; region extracted without changing records
HG00265_source_index	data/D_genomicsdb/HG00265.source.tbi	download	COMPLETE	https://1000genomes-dragen.s3.us-west-2.amazonaws.com/data/dragen-3.5.7b/hg38_altaware_nohla-cnv-anchored/HG00265/HG00265.hard-filtered.gvcf.gz.tbi	1293324	f87131ee8433a77c36e3530e2e36d1ffcc20143609216d7912ea85f20a395e48						2026-09-27T20:50:48.900551+00:00	Upstream tabix index for chr22 extraction
HG00266	data/D_genomicsdb/HG00266.chr22.g.vcf.gz	download_or_remote_region_extract	COMPLETE	https://1000genomes-dragen.s3.us-west-2.amazonaws.com/data/dragen-3.5.7b/hg38_altaware_nohla-cnv-anchored/HG00266/HG00266.hard-filtered.gvcf.gz	58214494	db55db657a470a0b4ba3bfb6f9d8e67779ae0df40ee6ee8f04e26415a373585a				2939179	chr22	2026-09-27T21:54:43.878603+00:00	Real 1000 Genomes DRAGEN gVCF cohort import benchmark; region extracted without changing records
HG00266_source_index	data/D_genomicsdb/HG00266.source.tbi	download	COMPLETE	https://1000genomes-dragen.s3.us-west-2.amazonaws.com/data/dragen-3.5.7b/hg38_altaware_nohla-cnv-anchored/HG00266/HG00266.hard-filtered.gvcf.gz.tbi	1343084	c765ed945e5afb6b57e3ef47dc9e4055d0f0af36484009d596af44156ac4073d						2026-09-27T20:50:49.940551+00:00	Upstream tabix index for chr22 extraction
HG00267	data/D_genomicsdb/HG00267.chr22.g.vcf.gz	download_or_remote_region_extract	COMPLETE	https://1000genomes-dragen.s3.us-west-2.amazonaws.com/data/dragen-3.5.7b/hg38_altaware_nohla-cnv-anchored/HG00267/HG00267.hard-filtered.gvcf.gz	53652224	0f0f6ca792ec2d7b052ca48c060ce17b06816c5dfc003af484000d6d5a6452c3				2607915	chr22	2026-09-27T21:54:47.389758+00:00	Real 1000 Genomes DRAGEN gVCF cohort import benchmark; region extracted without changing records
HG00267_source_index	data/D_genomicsdb/HG00267.source.tbi	download	COMPLETE	https://1000genomes-dragen.s3.us-west-2.amazonaws.com/data/dragen-3.5.7b/hg38_altaware_nohla-cnv-anchored/HG00267/HG00267.hard-filtered.gvcf.gz.tbi	1295827	497f63b6f8ed6c6abc736e7bcfbe75b78fd77dd9c0ceb5d4333da8483b267d82						2026-09-27T20:50:49.524551+00:00	Upstream tabix index for chr22 extraction
HG00268	data/D_genomicsdb/HG00268.chr22.g.vcf.gz	download_or_remote_region_extract	COMPLETE	https://1000genomes-dragen.s3.us-west-2.amazonaws.com/data/dragen-3.5.7b/hg38_altaware_nohla-cnv-anchored/HG00268/HG00268.hard-filtered.gvcf.gz	64287041	5ebdfda15d9b6bb64800e480dc3cb249fcb66d5ec6c23f0f11d5104900bf1e7f				3257407	chr22	2026-09-27T21:55:57.752250+00:00	Real 1000 Genomes DRAGEN gVCF cohort import benchmark; region extracted without changing records
HG00268_source_index	data/D_genomicsdb/HG00268.source.tbi	download	COMPLETE	https://1000genomes-dragen.s3.us-west-2.amazonaws.com/data/dragen-3.5.7b/hg38_altaware_nohla-cnv-anchored/HG00268/HG00268.hard-filtered.gvcf.gz.tbi	1358071	e10a303041e239bacf5ca4e30303beab6340afb17279ee27e5750e52f15b885c						2026-09-27T20:50:52.012551+00:00	Upstream tabix index for chr22 extraction
HG00269	data/D_genomicsdb/HG00269.chr22.g.vcf.gz	download_or_remote_region_extract	COMPLETE	https://1000genomes-dragen.s3.us-west-2.amazonaws.com/data/dragen-3.5.7b/hg38_altaware_nohla-cnv-anchored/HG00269/HG00269.hard-filtered.gvcf.gz	74423509	890e054a74718214b8011544c6eef33868136c117a17c22984545899efda0495				3879642	chr22	2026-09-27T21:57:18.907757+00:00	Real 1000 Genomes DRAGEN gVCF cohort import benchmark; region extracted without changing records
HG00269_source_index	data/D_genomicsdb/HG00269.source.tbi	download	COMPLETE	https://1000genomes-dragen.s3.us-west-2.amazonaws.com/data/dragen-3.5.7b/hg38_altaware_nohla-cnv-anchored/HG00269/HG00269.hard-filtered.gvcf.gz.tbi	1368039	77b449c56073c085a9d1e8c10ee9e3f97c148e9c86ab05bc2bf5ed918eb7cc51						2026-09-27T20:50:50.680551+00:00	Upstream tabix index for chr22 extraction
HG00271	data/D_genomicsdb/HG00271.chr22.g.vcf.gz	download_or_remote_region_extract	COMPLETE	https://1000genomes-dragen.s3.us-west-2.amazonaws.com/data/dragen-3.5.7b/hg38_altaware_nohla-cnv-anchored/HG00271/HG00271.hard-filtered.gvcf.gz	57895807	5afd4c0ead50cebb26ce1884e0c7804f27e5110a8eb1407ce1b79ae1876297f3				2812679	chr22	2026-09-27T21:57:39.115203+00:00	Real 1000 Genomes DRAGEN gVCF cohort import benchmark; region extracted without changing records
HG00271_source_index	data/D_genomicsdb/HG00271.source.tbi	download	COMPLETE	https://1000genomes-dragen.s3.us-west-2.amazonaws.com/data/dragen-3.5.7b/hg38_altaware_nohla-cnv-anchored/HG00271/HG00271.hard-filtered.gvcf.gz.tbi	1305472	4ace8e303a0caa9bbd2bfca1bfe4aef54365181cf5016260c32f33d12490212c						2026-09-27T20:50:51.728551+00:00	Upstream tabix index for chr22 extraction
HG00272	data/D_genomicsdb/HG00272.chr22.g.vcf.gz	download_or_remote_region_extract	COMPLETE	https://1000genomes-dragen.s3.us-west-2.amazonaws.com/data/dragen-3.5.7b/hg38_altaware_nohla-cnv-anchored/HG00272/HG00272.hard-filtered.gvcf.gz	32351480	8a74ba0d0679884f11cce97c6b9128c42d416967d719c174a5be6fe4318abff5				1331903	chr22	2026-09-27T21:56:11.436458+00:00	Real 1000 Genomes DRAGEN gVCF cohort import benchmark; region extracted without changing records
HG00272_source_index	data/D_genomicsdb/HG00272.source.tbi	download	COMPLETE	https://1000genomes-dragen.s3.us-west-2.amazonaws.com/data/dragen-3.5.7b/hg38_altaware_nohla-cnv-anchored/HG00272/HG00272.hard-filtered.gvcf.gz.tbi	1185725	b34e7eb5f5996dc68e100a8e9a2c1743e76794ec05227a1c4b245979a4824dd2						2026-09-27T20:50:51.744551+00:00	Upstream tabix index for chr22 extraction
HG00273	data/D_genomicsdb/HG00273.chr22.g.vcf.gz	download_or_remote_region_extract	COMPLETE	https://1000genomes-dragen.s3.us-west-2.amazonaws.com/data/dragen-3.5.7b/hg38_altaware_nohla-cnv-anchored/HG00273/HG00273.hard-filtered.gvcf.gz	53801731	24e1c960961bd6e85d97c2221399db140e94b3cb16c4535e7caf5348590334fb				2568667	chr22	2026-09-27T21:58:36.552444+00:00	Real 1000 Genomes DRAGEN gVCF cohort import benchmark; region extracted without changing records
HG00273_source_index	data/D_genomicsdb/HG00273.source.tbi	download	COMPLETE	https://1000genomes-dragen.s3.us-west-2.amazonaws.com/data/dragen-3.5.7b/hg38_altaware_nohla-cnv-anchored/HG00273/HG00273.hard-filtered.gvcf.gz.tbi	1298571	0b349649fafbda51975a5f6586c82a0fb208d0e6e809a881fa1f7ea32a062f94						2026-09-27T20:50:52.888551+00:00	Upstream tabix index for chr22 extraction
HG00274	data/D_genomicsdb/HG00274.chr22.g.vcf.gz	download_or_remote_region_extract	COMPLETE	https://1000genomes-dragen.s3.us-west-2.amazonaws.com/data/dragen-3.5.7b/hg38_altaware_nohla-cnv-anchored/HG00274/HG00274.hard-filtered.gvcf.gz	56061124	f3a4c8ccb0f58b9ac815a45e05a4bd64a2c67ece0163018f210d4e51e31369d4				2770485	chr22	2026-09-27T21:56:51.217315+00:00	Real 1000 Genomes DRAGEN gVCF cohort import benchmark; region extracted without changing records
HG00274_source_index	data/D_genomicsdb/HG00274.source.tbi	download	COMPLETE	https://1000genomes-dragen.s3.us-west-2.amazonaws.com/data/dragen-3.5.7b/hg38_altaware_nohla-cnv-anchored/HG00274/HG00274.hard-filtered.gvcf.gz.tbi	1340454	a07b7028482b629df7bb851aff2febf9380bf99e68601f95f1f3d1ff67ce3287						2026-09-27T20:51:02.348553+00:00	Upstream tabix index for chr22 extraction
HG00275	data/D_genomicsdb/HG00275.chr22.g.vcf.gz	download_or_remote_region_extract	COMPLETE	https://1000genomes-dragen.s3.us-west-2.amazonaws.com/data/dragen-3.5.7b/hg38_altaware_nohla-cnv-anchored/HG00275/HG00275.hard-filtered.gvcf.gz	59634190	59ca922bbf478dd032dfc3e38f3b288381924be195593517ae74c90067b46ceb				2986455	chr22	2026-09-27T21:58:43.570465+00:00	Real 1000 Genomes DRAGEN gVCF cohort import benchmark; region extracted without changing records
HG00275_source_index	data/D_genomicsdb/HG00275.source.tbi	download	COMPLETE	https://1000genomes-dragen.s3.us-west-2.amazonaws.com/data/dragen-3.5.7b/hg38_altaware_nohla-cnv-anchored/HG00275/HG00275.hard-filtered.gvcf.gz.tbi	1343128	e7d8216a7055d440ce1568cc38303fa99cf1e6ee32884231afc5190810522f21						2026-09-27T20:50:55.188552+00:00	Upstream tabix index for chr22 extraction
HG00276	data/D_genomicsdb/HG00276.chr22.g.vcf.gz	download_or_remote_region_extract	COMPLETE	https://1000genomes-dragen.s3.us-west-2.amazonaws.com/data/dragen-3.5.7b/hg38_altaware_nohla-cnv-anchored/HG00276/HG00276.hard-filtered.gvcf.gz	70497716	c178dd686bfc3ee3be942f8bdbd49066b18d4de95bb04ed52c3a09f710b33c45				3680344	chr22	2026-09-27T22:00:44.327002+00:00	Real 1000 Genomes DRAGEN gVCF cohort import benchmark; region extracted without changing records
HG00276_source_index	data/D_genomicsdb/HG00276.source.tbi	download	COMPLETE	https://1000genomes-dragen.s3.us-west-2.amazonaws.com/data/dragen-3.5.7b/hg38_altaware_nohla-cnv-anchored/HG00276/HG00276.hard-filtered.gvcf.gz.tbi	1365156	d9cc8fb462f4ff9be0b9c166650cf504253878bcbe42278ca5deca4cabb3c048						2026-09-27T20:50:54.768552+00:00	Upstream tabix index for chr22 extraction
HG00277	data/D_genomicsdb/HG00277.chr22.g.vcf.gz	download_or_remote_region_extract	COMPLETE	https://1000genomes-dragen.s3.us-west-2.amazonaws.com/data/dragen-3.5.7b/hg38_altaware_nohla-cnv-anchored/HG00277/HG00277.hard-filtered.gvcf.gz	55767670	aa46c73e23c60f754dd1245f2ae42912e812d9c6255e700242dc7ab771efbccc				2753325	chr22	2026-09-27T22:00:32.317346+00:00	Real 1000 Genomes DRAGEN gVCF cohort import benchmark; region extracted without changing records
HG00277_source_index	data/D_genomicsdb/HG00277.source.tbi	download	COMPLETE	https://1000genomes-dragen.s3.us-west-2.amazonaws.com/data/dragen-3.5.7b/hg38_altaware_nohla-cnv-anchored/HG00277/HG00277.hard-filtered.gvcf.gz.tbi	1299115	7017057422b1d35bdd0cd855312c36ec3543308079f689eae09c296898867016						2026-09-27T20:50:54.716552+00:00	Upstream tabix index for chr22 extraction
HG00278	data/D_genomicsdb/HG00278.chr22.g.vcf.gz	download_or_remote_region_extract	COMPLETE	https://1000genomes-dragen.s3.us-west-2.amazonaws.com/data/dragen-3.5.7b/hg38_altaware_nohla-cnv-anchored/HG00278/HG00278.hard-filtered.gvcf.gz	49688479	45df766cb44a1e04fc65604a0f0266f153c981186aace7f428fb077c6d50e44b				2354984	chr22	2026-09-27T21:59:14.517008+00:00	Real 1000 Genomes DRAGEN gVCF cohort import benchmark; region extracted without changing records
HG00278_source_index	data/D_genomicsdb/HG00278.source.tbi	download	COMPLETE	https://1000genomes-dragen.s3.us-west-2.amazonaws.com/data/dragen-3.5.7b/hg38_altaware_nohla-cnv-anchored/HG00278/HG00278.hard-filtered.gvcf.gz.tbi	1294728	4827eb5f5c6f37b60ef80b197c2efb0806371b71562346548cefe87f4b11b5cd						2026-09-27T20:50:57.088552+00:00	Upstream tabix index for chr22 extraction
HG00280	data/D_genomicsdb/HG00280.chr22.g.vcf.gz	download_or_remote_region_extract	COMPLETE	https://1000genomes-dragen.s3.us-west-2.amazonaws.com/data/dragen-3.5.7b/hg38_altaware_nohla-cnv-anchored/HG00280/HG00280.hard-filtered.gvcf.gz	49553940	68981136440f7cceb450ff7caf6639a15ab849619efee83475fe17c971c6452f				2331912	chr22	2026-09-27T22:01:07.471276+00:00	Real 1000 Genomes DRAGEN gVCF cohort import benchmark; region extracted without changing records
HG00280_source_index	data/D_genomicsdb/HG00280.source.tbi	download	COMPLETE	https://1000genomes-dragen.s3.us-west-2.amazonaws.com/data/dragen-3.5.7b/hg38_altaware_nohla-cnv-anchored/HG00280/HG00280.hard-filtered.gvcf.gz.tbi	1290843	f76aca3318f51721821d86c884fb7cc012e6c471640d6cfd7aeb2f287f736786						2026-09-27T20:50:58.640552+00:00	Upstream tabix index for chr22 extraction
HG00281	data/D_genomicsdb/HG00281.chr22.g.vcf.gz	download_or_remote_region_extract	COMPLETE	https://1000genomes-dragen.s3.us-west-2.amazonaws.com/data/dragen-3.5.7b/hg38_altaware_nohla-cnv-anchored/HG00281/HG00281.hard-filtered.gvcf.gz	62746477	f7bd6146dab65b8fc2ac3b11f610d8562cc2bbe75b70ef36052a41f28efc0202				3152806	chr22	2026-09-27T22:00:42.633966+00:00	Real 1000 Genomes DRAGEN gVCF cohort import benchmark; region extracted without changing records
HG00281_source_index	data/D_genomicsdb/HG00281.source.tbi	download	COMPLETE	https://1000genomes-dragen.s3.us-west-2.amazonaws.com/data/dragen-3.5.7b/hg38_altaware_nohla-cnv-anchored/HG00281/HG00281.hard-filtered.gvcf.gz.tbi	1354073	4fb27f8ec330f4cb3a5946b0f7cea10db138126dc06c4ed9ff3448b0159b8370						2026-09-27T20:50:57.208552+00:00	Upstream tabix index for chr22 extraction
HG00282	data/D_genomicsdb/HG00282.chr22.g.vcf.gz	download_or_remote_region_extract	COMPLETE	https://1000genomes-dragen.s3.us-west-2.amazonaws.com/data/dragen-3.5.7b/hg38_altaware_nohla-cnv-anchored/HG00282/HG00282.hard-filtered.gvcf.gz	59226851	81d6e1962362187899eb563f878540a60e4af07f843a8de75d63e56b2c7036b4				2977636	chr22	2026-09-27T22:03:13.667480+00:00	Real 1000 Genomes DRAGEN gVCF cohort import benchmark; region extracted without changing records
HG00282_source_index	data/D_genomicsdb/HG00282.source.tbi	download	COMPLETE	https://1000genomes-dragen.s3.us-west-2.amazonaws.com/data/dragen-3.5.7b/hg38_altaware_nohla-cnv-anchored/HG00282/HG00282.hard-filtered.gvcf.gz.tbi	1344905	0fbeaeefe8b9b147d68748206e2a2ed9d426df102953773c7364be6e9c4ac1b6						2026-09-27T20:50:59.500552+00:00	Upstream tabix index for chr22 extraction
HG00284	data/D_genomicsdb/HG00284.chr22.g.vcf.gz	download_or_remote_region_extract	COMPLETE	https://1000genomes-dragen.s3.us-west-2.amazonaws.com/data/dragen-3.5.7b/hg38_altaware_nohla-cnv-anchored/HG00284/HG00284.hard-filtered.gvcf.gz	58106478	7ba4dd629a3b78d9325fe29c3ad0a94fead82c5093185314ad5358196741c3c5				2915384	chr22	2026-09-27T22:04:02.880203+00:00	Real 1000 Genomes DRAGEN gVCF cohort import benchmark; region extracted without changing records
HG00284_source_index	data/D_genomicsdb/HG00284.source.tbi	download	COMPLETE	https://1000genomes-dragen.s3.us-west-2.amazonaws.com/data/dragen-3.5.7b/hg38_altaware_nohla-cnv-anchored/HG00284/HG00284.hard-filtered.gvcf.gz.tbi	1301331	4e4206e29ed71a503106b81a6b08fa5d159a503f61c94928618fd478370d117d						2026-09-27T20:50:59.080552+00:00	Upstream tabix index for chr22 extraction
HG00285	data/D_genomicsdb/HG00285.chr22.g.vcf.gz	download_or_remote_region_extract	COMPLETE	https://1000genomes-dragen.s3.us-west-2.amazonaws.com/data/dragen-3.5.7b/hg38_altaware_nohla-cnv-anchored/HG00285/HG00285.hard-filtered.gvcf.gz	52956330	369f04d3439b7095d3b539b74ca6960a48172bd444e28d67ad000ac8e95f377c				2549240	chr22	2026-09-27T22:03:11.222282+00:00	Real 1000 Genomes DRAGEN gVCF cohort import benchmark; region extracted without changing records
HG00285_source_index	data/D_genomicsdb/HG00285.source.tbi	download	COMPLETE	https://1000genomes-dragen.s3.us-west-2.amazonaws.com/data/dragen-3.5.7b/hg38_altaware_nohla-cnv-anchored/HG00285/HG00285.hard-filtered.gvcf.gz.tbi	1337311	63049fd70fac4aad4d0a8df86d9edcaeaf9c0d9775e8d08af5d697b34a475420						2026-09-27T20:51:00.856553+00:00	Upstream tabix index for chr22 extraction
HG00288	data/D_genomicsdb/HG00288.chr22.g.vcf.gz	download_or_remote_region_extract	COMPLETE	https://1000genomes-dragen.s3.us-west-2.amazonaws.com/data/dragen-3.5.7b/hg38_altaware_nohla-cnv-anchored/HG00288/HG00288.hard-filtered.gvcf.gz	74749070	e6e2d10fee72b7967f35f1f5b46a3df854cf573b7abd327f6830748657210f29				3864676	chr22	2026-09-27T22:02:02.852181+00:00	Real 1000 Genomes DRAGEN gVCF cohort import benchmark; region extracted without changing records
HG00288_source_index	data/D_genomicsdb/HG00288.source.tbi	download	COMPLETE	https://1000genomes-dragen.s3.us-west-2.amazonaws.com/data/dragen-3.5.7b/hg38_altaware_nohla-cnv-anchored/HG00288/HG00288.hard-filtered.gvcf.gz.tbi	1370133	c4e3422f37b15cc2ec09d86fa407c80d3828d3b55415a434c25ce16e77ee938f						2026-09-27T20:51:02.388553+00:00	Upstream tabix index for chr22 extraction
HG00290	data/D_genomicsdb/HG00290.chr22.g.vcf.gz	download_or_remote_region_extract	COMPLETE	https://1000genomes-dragen.s3.us-west-2.amazonaws.com/data/dragen-3.5.7b/hg38_altaware_nohla-cnv-anchored/HG00290/HG00290.hard-filtered.gvcf.gz	34590459	a73f40f2683a507a8aed38c12aff1c786be663d145ebbf5f4035521eaec4f7bf				1442339	chr22	2026-09-27T22:02:30.303773+00:00	Real 1000 Genomes DRAGEN gVCF cohort import benchmark; region extracted without changing records
HG00290_source_index	data/D_genomicsdb/HG00290.source.tbi	download	COMPLETE	https://1000genomes-dragen.s3.us-west-2.amazonaws.com/data/dragen-3.5.7b/hg38_altaware_nohla-cnv-anchored/HG00290/HG00290.hard-filtered.gvcf.gz.tbi	1197852	2fa5c8663192eb254c028ae300a9f4093f4ca7fc3d90abcc7d2ccfa4ed82a557						2026-09-27T20:51:01.280553+00:00	Upstream tabix index for chr22 extraction
HG00304	data/D_genomicsdb/HG00304.chr22.g.vcf.gz	download_or_remote_region_extract	COMPLETE	https://1000genomes-dragen.s3.us-west-2.amazonaws.com/data/dragen-3.5.7b/hg38_altaware_nohla-cnv-anchored/HG00304/HG00304.hard-filtered.gvcf.gz	56502805	89d27e8ad63c7b0039a5ebe27fdb33d0fef7bc7f35981c18028c65b053427d77				2781800	chr22	2026-09-27T22:05:37.466850+00:00	Real 1000 Genomes DRAGEN gVCF cohort import benchmark; region extracted without changing records
HG00304_source_index	data/D_genomicsdb/HG00304.source.tbi	download	COMPLETE	https://1000genomes-dragen.s3.us-west-2.amazonaws.com/data/dragen-3.5.7b/hg38_altaware_nohla-cnv-anchored/HG00304/HG00304.hard-filtered.gvcf.gz.tbi	1340473	54f2e521d9a3b28e95a530bf02ad4bcb6f613613f0442ee3beff65141ef67831						2026-09-27T20:51:02.892553+00:00	Upstream tabix index for chr22 extraction
HG00306	data/D_genomicsdb/HG00306.chr22.g.vcf.gz	download_or_remote_region_extract	COMPLETE	https://1000genomes-dragen.s3.us-west-2.amazonaws.com/data/dragen-3.5.7b/hg38_altaware_nohla-cnv-anchored/HG00306/HG00306.hard-filtered.gvcf.gz	59169125	6bbb807dc59c5324cd2d391327be0a0e373df3693787aa0ee92b1e869855704f				2956326	chr22	2026-09-27T22:05:45.167669+00:00	Real 1000 Genomes DRAGEN gVCF cohort import benchmark; region extracted without changing records
HG00306_source_index	data/D_genomicsdb/HG00306.source.tbi	download	COMPLETE	https://1000genomes-dragen.s3.us-west-2.amazonaws.com/data/dragen-3.5.7b/hg38_altaware_nohla-cnv-anchored/HG00306/HG00306.hard-filtered.gvcf.gz.tbi	1343762	e24d9484b850b4bfc46b40ec923ad3f18a20193f172beaddc9d9bdb0e61bd348						2026-09-27T20:51:03.360553+00:00	Upstream tabix index for chr22 extraction
HG00308	data/D_genomicsdb/HG00308.chr22.g.vcf.gz	download_or_remote_region_extract	COMPLETE	https://1000genomes-dragen.s3.us-west-2.amazonaws.com/data/dragen-3.5.7b/hg38_altaware_nohla-cnv-anchored/HG00308/HG00308.hard-filtered.gvcf.gz	71538817	289e5c21d47130b430ba1cb7d6f844bc753c188f6d36b2f0886dd6e04c109059				3660092	chr22	2026-09-27T22:05:39.138427+00:00	Real 1000 Genomes DRAGEN gVCF cohort import benchmark; region extracted without changing records
HG00308_source_index	data/D_genomicsdb/HG00308.source.tbi	download	COMPLETE	https://1000genomes-dragen.s3.us-west-2.amazonaws.com/data/dragen-3.5.7b/hg38_altaware_nohla-cnv-anchored/HG00308/HG00308.hard-filtered.gvcf.gz.tbi	1323674	54fcdbd5d0ec7ee7161a2c80c108aef4d793ad37bcdc2b9ce0cf0ade2ad61998						2026-09-27T20:51:05.160553+00:00	Upstream tabix index for chr22 extraction
HG00309	data/D_genomicsdb/HG00309.chr22.g.vcf.gz	download_or_remote_region_extract	COMPLETE	https://1000genomes-dragen.s3.us-west-2.amazonaws.com/data/dragen-3.5.7b/hg38_altaware_nohla-cnv-anchored/HG00309/HG00309.hard-filtered.gvcf.gz	51154302	4606176d61352f185f066da7655f915dd0d07feef90c7aba858838e4333f07f6				2447021	chr22	2026-09-27T22:05:53.126270+00:00	Real 1000 Genomes DRAGEN gVCF cohort import benchmark; region extracted without changing records
HG00309_source_index	data/D_genomicsdb/HG00309.source.tbi	download	COMPLETE	https://1000genomes-dragen.s3.us-west-2.amazonaws.com/data/dragen-3.5.7b/hg38_altaware_nohla-cnv-anchored/HG00309/HG00309.hard-filtered.gvcf.gz.tbi	1338260	e2032b4b94016868a0df691646e5b14e56417a2384886899dabc8212554442cb						2026-09-27T20:51:05.060553+00:00	Upstream tabix index for chr22 extraction
HG00310	data/D_genomicsdb/HG00310.chr22.g.vcf.gz	download_or_remote_region_extract	COMPLETE	https://1000genomes-dragen.s3.us-west-2.amazonaws.com/data/dragen-3.5.7b/hg38_altaware_nohla-cnv-anchored/HG00310/HG00310.hard-filtered.gvcf.gz	59397380	23675c18e15d110ea21fb7d3735e5c9024b688ad05d71631fe177ab0322353a6				2936206	chr22	2026-09-27T22:06:21.578590+00:00	Real 1000 Genomes DRAGEN gVCF cohort import benchmark; region extracted without changing records
HG00310_source_index	data/D_genomicsdb/HG00310.source.tbi	download	COMPLETE	https://1000genomes-dragen.s3.us-west-2.amazonaws.com/data/dragen-3.5.7b/hg38_altaware_nohla-cnv-anchored/HG00310/HG00310.hard-filtered.gvcf.gz.tbi	1304881	eb1441c161d9295b965f715fe28fe8b4c24a3612fbd0327fcf104b0ea60ffdab						2026-09-27T20:51:07.340554+00:00	Upstream tabix index for chr22 extraction
HG00311	data/D_genomicsdb/HG00311.chr22.g.vcf.gz	download_or_remote_region_extract	COMPLETE	https://1000genomes-dragen.s3.us-west-2.amazonaws.com/data/dragen-3.5.7b/hg38_altaware_nohla-cnv-anchored/HG00311/HG00311.hard-filtered.gvcf.gz	61371632	a85a9eefff24729f76432db1d9a6da0a400945c706b801de8223ed4f3b251d61				3092076	chr22	2026-09-27T22:08:19.680774+00:00	Real 1000 Genomes DRAGEN gVCF cohort import benchmark; region extracted without changing records
HG00311_source_index	data/D_genomicsdb/HG00311.source.tbi	download	COMPLETE	https://1000genomes-dragen.s3.us-west-2.amazonaws.com/data/dragen-3.5.7b/hg38_altaware_nohla-cnv-anchored/HG00311/HG00311.hard-filtered.gvcf.gz.tbi	1306885	9e5d08f57e4762ba166122cb44d455323f78f5bc49d0957415c4f7f1d575dda3						2026-09-27T20:51:08.064554+00:00	Upstream tabix index for chr22 extraction
HG00313	data/D_genomicsdb/HG00313.chr22.g.vcf.gz	download_or_remote_region_extract	COMPLETE	https://1000genomes-dragen.s3.us-west-2.amazonaws.com/data/dragen-3.5.7b/hg38_altaware_nohla-cnv-anchored/HG00313/HG00313.hard-filtered.gvcf.gz	54646854	0515ca572061f5cda1a4426ad877abfd395625b3f92c854167a41fa07342d03e				2585363	chr22	2026-09-27T22:08:14.084008+00:00	Real 1000 Genomes DRAGEN gVCF cohort import benchmark; region extracted without changing records
HG00313_source_index	data/D_genomicsdb/HG00313.source.tbi	download	COMPLETE	https://1000genomes-dragen.s3.us-west-2.amazonaws.com/data/dragen-3.5.7b/hg38_altaware_nohla-cnv-anchored/HG00313/HG00313.hard-filtered.gvcf.gz.tbi	1342165	8c3fa3c1ba72ef4292899ff81189533cb29c8e0d7a75bdee84777b8cc23909ba						2026-09-27T20:51:06.884553+00:00	Upstream tabix index for chr22 extraction
HG00315	data/D_genomicsdb/HG00315.chr22.g.vcf.gz	download_or_remote_region_extract	COMPLETE	https://1000genomes-dragen.s3.us-west-2.amazonaws.com/data/dragen-3.5.7b/hg38_altaware_nohla-cnv-anchored/HG00315/HG00315.hard-filtered.gvcf.gz	69354222	3a47f8565d3b9248301ac282ff95f7481a95b8789e11bcf3665c85101575863b				3501723	chr22	2026-09-27T22:09:01.618045+00:00	Real 1000 Genomes DRAGEN gVCF cohort import benchmark; region extracted without changing records
HG00315_source_index	data/D_genomicsdb/HG00315.source.tbi	download	COMPLETE	https://1000genomes-dragen.s3.us-west-2.amazonaws.com/data/dragen-3.5.7b/hg38_altaware_nohla-cnv-anchored/HG00315/HG00315.hard-filtered.gvcf.gz.tbi	1363661	b2c4467f14e4650568d8120cf61bd883dd53c27f73bd71f69f07365bafcbba92						2026-09-27T20:51:09.956554+00:00	Upstream tabix index for chr22 extraction
HG00318	data/D_genomicsdb/HG00318.chr22.g.vcf.gz	download_or_remote_region_extract	COMPLETE	https://1000genomes-dragen.s3.us-west-2.amazonaws.com/data/dragen-3.5.7b/hg38_altaware_nohla-cnv-anchored/HG00318/HG00318.hard-filtered.gvcf.gz	59763256	81b3bca7d254ab8ad7964edf1cd61f8527ffc89605c2905d96602923769715e9				3035486	chr22	2026-09-27T22:07:04.773540+00:00	Real 1000 Genomes DRAGEN gVCF cohort import benchmark; region extracted without changing records
HG00318_source_index	data/D_genomicsdb/HG00318.source.tbi	download	COMPLETE	https://1000genomes-dragen.s3.us-west-2.amazonaws.com/data/dragen-3.5.7b/hg38_altaware_nohla-cnv-anchored/HG00318/HG00318.hard-filtered.gvcf.gz.tbi	1347064	a4d1d4f43b5f72da96f85d5b8ae369ba568cef2d22863c190f4765e5b1a852e5						2026-09-27T20:51:11.256554+00:00	Upstream tabix index for chr22 extraction
HG00319	data/D_genomicsdb/HG00319.chr22.g.vcf.gz	download_or_remote_region_extract	COMPLETE	https://1000genomes-dragen.s3.us-west-2.amazonaws.com/data/dragen-3.5.7b/hg38_altaware_nohla-cnv-anchored/HG00319/HG00319.hard-filtered.gvcf.gz	52014078	6427a1d50f7762ffe51e326dd5a14396025bd49cb386afa810e7de02b8de3f42				2501918	chr22	2026-09-27T22:08:51.076230+00:00	Real 1000 Genomes DRAGEN gVCF cohort import benchmark; region extracted without changing records
HG00319_source_index	data/D_genomicsdb/HG00319.source.tbi	download	COMPLETE	https://1000genomes-dragen.s3.us-west-2.amazonaws.com/data/dragen-3.5.7b/hg38_altaware_nohla-cnv-anchored/HG00319/HG00319.hard-filtered.gvcf.gz.tbi	1336508	4cbd41d6600d9ab6f4e78a2106c629a698765e1d11c9becff4e59d39d0900875						2026-09-27T20:51:20.444555+00:00	Upstream tabix index for chr22 extraction
HG00320	data/D_genomicsdb/HG00320.chr22.g.vcf.gz	download_or_remote_region_extract	COMPLETE	https://1000genomes-dragen.s3.us-west-2.amazonaws.com/data/dragen-3.5.7b/hg38_altaware_nohla-cnv-anchored/HG00320/HG00320.hard-filtered.gvcf.gz	48217240	5ece56ad846ff4206b67655e8fc48c82cd940850ee11eb98c4311e5421512942				2182599	chr22	2026-09-27T22:10:40.855914+00:00	Real 1000 Genomes DRAGEN gVCF cohort import benchmark; region extracted without changing records
HG00320_source_index	data/D_genomicsdb/HG00320.source.tbi	download	COMPLETE	https://1000genomes-dragen.s3.us-west-2.amazonaws.com/data/dragen-3.5.7b/hg38_altaware_nohla-cnv-anchored/HG00320/HG00320.hard-filtered.gvcf.gz.tbi	1323527	94c687b1eb680c091eff0960fd4c220fae29cb1d41b33e84150823825f66a50c						2026-09-27T20:51:22.260555+00:00	Upstream tabix index for chr22 extraction
HG00321	data/D_genomicsdb/HG00321.chr22.g.vcf.gz	download_or_remote_region_extract	COMPLETE	https://1000genomes-dragen.s3.us-west-2.amazonaws.com/data/dragen-3.5.7b/hg38_altaware_nohla-cnv-anchored/HG00321/HG00321.hard-filtered.gvcf.gz	27198727	c137ba7cf90cffccf4a3dd57d677de569af6d8ebb7fa78bf813ef799024bff6c				1078266	chr22	2026-09-27T22:08:44.260274+00:00	Real 1000 Genomes DRAGEN gVCF cohort import benchmark; region extracted without changing records
HG00321_source_index	data/D_genomicsdb/HG00321.source.tbi	download	COMPLETE	https://1000genomes-dragen.s3.us-west-2.amazonaws.com/data/dragen-3.5.7b/hg38_altaware_nohla-cnv-anchored/HG00321/HG00321.hard-filtered.gvcf.gz.tbi	988117	41b846c216c7390031284eaffc8aced74ef5e991551a60671f6e074607ac5f4f						2026-09-27T20:51:11.700554+00:00	Upstream tabix index for chr22 extraction
HG00323	data/D_genomicsdb/HG00323.chr22.g.vcf.gz	download_or_remote_region_extract	COMPLETE	https://1000genomes-dragen.s3.us-west-2.amazonaws.com/data/dragen-3.5.7b/hg38_altaware_nohla-cnv-anchored/HG00323/HG00323.hard-filtered.gvcf.gz	68302852	23746e332adfba178bc2a1bc994f2b2eccc6031736c9cac8d1ed0b845a2dc396				3500812	chr22	2026-09-27T22:09:51.233085+00:00	Real 1000 Genomes DRAGEN gVCF cohort import benchmark; region extracted without changing records
HG00323_source_index	data/D_genomicsdb/HG00323.source.tbi	download	COMPLETE	https://1000genomes-dragen.s3.us-west-2.amazonaws.com/data/dragen-3.5.7b/hg38_altaware_nohla-cnv-anchored/HG00323/HG00323.hard-filtered.gvcf.gz.tbi	1361880	0f43838ea3a38c2e9017850d14f890c450917ef5baddc6ba3c815872ab09d0ab						2026-09-27T20:51:13.180554+00:00	Upstream tabix index for chr22 extraction
HG00324	data/D_genomicsdb/HG00324.chr22.g.vcf.gz	download_or_remote_region_extract	COMPLETE	https://1000genomes-dragen.s3.us-west-2.amazonaws.com/data/dragen-3.5.7b/hg38_altaware_nohla-cnv-anchored/HG00324/HG00324.hard-filtered.gvcf.gz	58104799	c3e18086422d8c181539c2f591b408a572097e9977e35ad2bfced4636fa09470				2887053	chr22	2026-09-27T22:10:05.966189+00:00	Real 1000 Genomes DRAGEN gVCF cohort import benchmark; region extracted without changing records
HG00324_source_index	data/D_genomicsdb/HG00324.source.tbi	download	COMPLETE	https://1000genomes-dragen.s3.us-west-2.amazonaws.com/data/dragen-3.5.7b/hg38_altaware_nohla-cnv-anchored/HG00324/HG00324.hard-filtered.gvcf.gz.tbi	1342494	9a5459623d3e9cf80b4db5a0fdf46d76f3c6b9c6faa34296cdeacecd0c6b3048						2026-09-27T20:51:13.596554+00:00	Upstream tabix index for chr22 extraction
HG00325	data/D_genomicsdb/HG00325.chr22.g.vcf.gz	download_or_remote_region_extract	COMPLETE	https://1000genomes-dragen.s3.us-west-2.amazonaws.com/data/dragen-3.5.7b/hg38_altaware_nohla-cnv-anchored/HG00325/HG00325.hard-filtered.gvcf.gz	70795336	629ce90eb30bab9e43bec8f46f4b2a86448bdd4ed0c1fded4b720269eff4d1f8				3714643	chr22	2026-09-27T22:11:01.936776+00:00	Real 1000 Genomes DRAGEN gVCF cohort import benchmark; region extracted without changing records
HG00325_source_index	data/D_genomicsdb/HG00325.source.tbi	download	COMPLETE	https://1000genomes-dragen.s3.us-west-2.amazonaws.com/data/dragen-3.5.7b/hg38_altaware_nohla-cnv-anchored/HG00325/HG00325.hard-filtered.gvcf.gz.tbi	1325650	ef0b5de037702e49b4a62f07a0da97f6299fcf53b4428346665aa9ef63102484						2026-09-27T20:51:15.080554+00:00	Upstream tabix index for chr22 extraction
HG00326	data/D_genomicsdb/HG00326.chr22.g.vcf.gz	download_or_remote_region_extract	COMPLETE	https://1000genomes-dragen.s3.us-west-2.amazonaws.com/data/dragen-3.5.7b/hg38_altaware_nohla-cnv-anchored/HG00326/HG00326.hard-filtered.gvcf.gz	42628478	500e0c5095540877d673e8545ca7c81db39313b807ebd6282411d8b1ed2095e6				1901167	chr22	2026-09-27T22:10:48.492329+00:00	Real 1000 Genomes DRAGEN gVCF cohort import benchmark; region extracted without changing records
HG00326_source_index	data/D_genomicsdb/HG00326.source.tbi	download	COMPLETE	https://1000genomes-dragen.s3.us-west-2.amazonaws.com/data/dragen-3.5.7b/hg38_altaware_nohla-cnv-anchored/HG00326/HG00326.hard-filtered.gvcf.gz.tbi	1303647	585df3f0fccab2fa8e3e5d27659a3e841f3cb608d21f7527cb0ae228f36fc03b						2026-09-27T20:51:17.068555+00:00	Upstream tabix index for chr22 extraction
HG00327	data/D_genomicsdb/HG00327.chr22.g.vcf.gz	download_or_remote_region_extract	COMPLETE	https://1000genomes-dragen.s3.us-west-2.amazonaws.com/data/dragen-3.5.7b/hg38_altaware_nohla-cnv-anchored/HG00327/HG00327.hard-filtered.gvcf.gz	50180037	99771534de61e11b7bdf4bc9a7ea114a2b010d4f0423f40905d52dcb5b8f868f				2390871	chr22	2026-09-27T22:10:58.021153+00:00	Real 1000 Genomes DRAGEN gVCF cohort import benchmark; region extracted without changing records
HG00327_source_index	data/D_genomicsdb/HG00327.source.tbi	download	COMPLETE	https://1000genomes-dragen.s3.us-west-2.amazonaws.com/data/dragen-3.5.7b/hg38_altaware_nohla-cnv-anchored/HG00327/HG00327.hard-filtered.gvcf.gz.tbi	1333904	bf6b44af1cd3c27784160743fbf903b8c90478128c3a8bfe993c3994e119fa5b						2026-09-27T20:51:17.368555+00:00	Upstream tabix index for chr22 extraction
HG00328	data/D_genomicsdb/HG00328.chr22.g.vcf.gz	download_or_remote_region_extract	COMPLETE	https://1000genomes-dragen.s3.us-west-2.amazonaws.com/data/dragen-3.5.7b/hg38_altaware_nohla-cnv-anchored/HG00328/HG00328.hard-filtered.gvcf.gz	71935474	1b50e63fa7532e081ff2a955865b12fcd3e7a1384ff4e3185a09fecf9f5fa64e				3709332	chr22	2026-09-27T22:11:37.707316+00:00	Real 1000 Genomes DRAGEN gVCF cohort import benchmark; region extracted without changing records
HG00328_source_index	data/D_genomicsdb/HG00328.source.tbi	download	COMPLETE	https://1000genomes-dragen.s3.us-west-2.amazonaws.com/data/dragen-3.5.7b/hg38_altaware_nohla-cnv-anchored/HG00328/HG00328.hard-filtered.gvcf.gz.tbi	1364664	582f613426a3bf857971f78c8c1c21895c7655b33810b47104360c4fd7b3fc5e						2026-09-27T20:51:19.076555+00:00	Upstream tabix index for chr22 extraction
HG00329	data/D_genomicsdb/HG00329.chr22.g.vcf.gz	download_or_remote_region_extract	COMPLETE	https://1000genomes-dragen.s3.us-west-2.amazonaws.com/data/dragen-3.5.7b/hg38_altaware_nohla-cnv-anchored/HG00329/HG00329.hard-filtered.gvcf.gz	54051146	913c2b32e557692303a3137738e965abcf4d66561ce67958583148e0829e80bd				2591866	chr22	2026-09-27T22:13:09.854134+00:00	Real 1000 Genomes DRAGEN gVCF cohort import benchmark; region extracted without changing records
HG00329_source_index	data/D_genomicsdb/HG00329.source.tbi	download	COMPLETE	https://1000genomes-dragen.s3.us-west-2.amazonaws.com/data/dragen-3.5.7b/hg38_altaware_nohla-cnv-anchored/HG00329/HG00329.hard-filtered.gvcf.gz.tbi	1298465	1d666ffdae0a24d0b65b7c719be6e5533a668e486a59327b28e2b35b4e52ab7d						2026-09-27T20:51:19.328555+00:00	Upstream tabix index for chr22 extraction
HG00330	data/D_genomicsdb/HG00330.chr22.g.vcf.gz	download_or_remote_region_extract	COMPLETE	https://1000genomes-dragen.s3.us-west-2.amazonaws.com/data/dragen-3.5.7b/hg38_altaware_nohla-cnv-anchored/HG00330/HG00330.hard-filtered.gvcf.gz	58387268	01cf3ca0e8bfccac7bcf36776597e90e7b348984ffb0c63bc8f9118fc56c5c6d				2895438	chr22	2026-09-27T22:13:34.073963+00:00	Real 1000 Genomes DRAGEN gVCF cohort import benchmark; region extracted without changing records
HG00330_source_index	data/D_genomicsdb/HG00330.source.tbi	download	COMPLETE	https://1000genomes-dragen.s3.us-west-2.amazonaws.com/data/dragen-3.5.7b/hg38_altaware_nohla-cnv-anchored/HG00330/HG00330.hard-filtered.gvcf.gz.tbi	1346507	98fdb0a6d10cf6e87b9b1bb603c7c9b1683c2c0acfd6f3d764965c672b811cf9						2026-09-27T20:51:22.100555+00:00	Upstream tabix index for chr22 extraction
HG00331	data/D_genomicsdb/HG00331.chr22.g.vcf.gz	download_or_remote_region_extract	COMPLETE	https://1000genomes-dragen.s3.us-west-2.amazonaws.com/data/dragen-3.5.7b/hg38_altaware_nohla-cnv-anchored/HG00331/HG00331.hard-filtered.gvcf.gz	54238511	b26d53d850a4f34b60175b7f358fbb75ce97e29593980fe11bb61510ac73e708				2640552	chr22	2026-09-27T22:12:22.095462+00:00	Real 1000 Genomes DRAGEN gVCF cohort import benchmark; region extracted without changing records
HG00331_source_index	data/D_genomicsdb/HG00331.source.tbi	download	COMPLETE	https://1000genomes-dragen.s3.us-west-2.amazonaws.com/data/dragen-3.5.7b/hg38_altaware_nohla-cnv-anchored/HG00331/HG00331.hard-filtered.gvcf.gz.tbi	1339225	f98b8fd00543d7a51a9d71693ec4b50adfde88600a52349e548151ef81efa13a						2026-09-27T20:51:22.232555+00:00	Upstream tabix index for chr22 extraction
HG00332	data/D_genomicsdb/HG00332.chr22.g.vcf.gz	download_or_remote_region_extract	COMPLETE	https://1000genomes-dragen.s3.us-west-2.amazonaws.com/data/dragen-3.5.7b/hg38_altaware_nohla-cnv-anchored/HG00332/HG00332.hard-filtered.gvcf.gz	59775090	c7bbeda204bfc27ccd17ba928f741573730946262b9cf94e76757c76e6cdfbd7				2923542	chr22	2026-09-27T22:14:33.400325+00:00	Real 1000 Genomes DRAGEN gVCF cohort import benchmark; region extracted without changing records
HG00332_source_index	data/D_genomicsdb/HG00332.source.tbi	download	COMPLETE	https://1000genomes-dragen.s3.us-west-2.amazonaws.com/data/dragen-3.5.7b/hg38_altaware_nohla-cnv-anchored/HG00332/HG00332.hard-filtered.gvcf.gz.tbi	1348116	cbe3a52c574ab7fc4d6d13dd142bcbb02de2372e0980c7c9879cb9f2d184d6f5						2026-09-27T20:51:22.776555+00:00	Upstream tabix index for chr22 extraction
HG00334	data/D_genomicsdb/HG00334.chr22.g.vcf.gz	download_or_remote_region_extract	COMPLETE	https://1000genomes-dragen.s3.us-west-2.amazonaws.com/data/dragen-3.5.7b/hg38_altaware_nohla-cnv-anchored/HG00334/HG00334.hard-filtered.gvcf.gz	62602561	b369d3bb8328083cc61a4239d0e3aaad8abcc37a5bda3406647fca90fca3cdd4				3175115	chr22	2026-09-27T22:13:21.840575+00:00	Real 1000 Genomes DRAGEN gVCF cohort import benchmark; region extracted without changing records
HG00334_source_index	data/D_genomicsdb/HG00334.source.tbi	download	COMPLETE	https://1000genomes-dragen.s3.us-west-2.amazonaws.com/data/dragen-3.5.7b/hg38_altaware_nohla-cnv-anchored/HG00334/HG00334.hard-filtered.gvcf.gz.tbi	1351873	24e520eefd743e8f42e80ed017d03e1fdc4147b5123976b62688b115bb5e1018						2026-09-27T20:51:24.004555+00:00	Upstream tabix index for chr22 extraction
HG00335	data/D_genomicsdb/HG00335.chr22.g.vcf.gz	download_or_remote_region_extract	COMPLETE	https://1000genomes-dragen.s3.us-west-2.amazonaws.com/data/dragen-3.5.7b/hg38_altaware_nohla-cnv-anchored/HG00335/HG00335.hard-filtered.gvcf.gz	71151859	d717222ed9ac50ea3848c1c5a7ead2f2070cb2af99a6b113c705c657dff1e070				3602891	chr22	2026-09-27T22:16:36.200953+00:00	Real 1000 Genomes DRAGEN gVCF cohort import benchmark; region extracted without changing records
HG00335_source_index	data/D_genomicsdb/HG00335.source.tbi	download	COMPLETE	https://1000genomes-dragen.s3.us-west-2.amazonaws.com/data/dragen-3.5.7b/hg38_altaware_nohla-cnv-anchored/HG00335/HG00335.hard-filtered.gvcf.gz.tbi	1326048	dee26c96780b70f67f55bdee3c3ef88c71fb3e057082f9384131f4f88f4b09ab						2026-09-27T20:51:24.116555+00:00	Upstream tabix index for chr22 extraction
HG00336	data/D_genomicsdb/HG00336.chr22.g.vcf.gz	download_or_remote_region_extract	COMPLETE	https://1000genomes-dragen.s3.us-west-2.amazonaws.com/data/dragen-3.5.7b/hg38_altaware_nohla-cnv-anchored/HG00336/HG00336.hard-filtered.gvcf.gz	64136791	7df4f7e85a01ea7c279e1e8a0abbbdcd138bc7a6d1b24c69a6c16f57b6bf2d60				3216152	chr22	2026-09-27T22:15:43.159814+00:00	Real 1000 Genomes DRAGEN gVCF cohort import benchmark; region extracted without changing records
HG00336_source_index	data/D_genomicsdb/HG00336.source.tbi	download	COMPLETE	https://1000genomes-dragen.s3.us-west-2.amazonaws.com/data/dragen-3.5.7b/hg38_altaware_nohla-cnv-anchored/HG00336/HG00336.hard-filtered.gvcf.gz.tbi	1310474	981898bd3eeacb984c16dacdc6d177e99294e9776375348d527e87fd4e18faf8						2026-09-27T20:51:35.056556+00:00	Upstream tabix index for chr22 extraction
HG00337	data/D_genomicsdb/HG00337.chr22.g.vcf.gz	download_or_remote_region_extract	COMPLETE	https://1000genomes-dragen.s3.us-west-2.amazonaws.com/data/dragen-3.5.7b/hg38_altaware_nohla-cnv-anchored/HG00337/HG00337.hard-filtered.gvcf.gz	64886080	caa1520aba8f18a5ab626cc71749d9599494b5f9fd0d6cefa6f41516048946ef				3306295	chr22	2026-09-27T22:16:55.261773+00:00	Real 1000 Genomes DRAGEN gVCF cohort import benchmark; region extracted without changing records
HG00337_source_index	data/D_genomicsdb/HG00337.source.tbi	download	COMPLETE	https://1000genomes-dragen.s3.us-west-2.amazonaws.com/data/dragen-3.5.7b/hg38_altaware_nohla-cnv-anchored/HG00337/HG00337.hard-filtered.gvcf.gz.tbi	1355719	b318720bbd4490a4115161038f9511ee812c6ac0e9e7bb73a41b4bd6585770f0						2026-09-27T20:51:24.592555+00:00	Upstream tabix index for chr22 extraction
HG00338	data/D_genomicsdb/HG00338.chr22.g.vcf.gz	download_or_remote_region_extract	COMPLETE	https://1000genomes-dragen.s3.us-west-2.amazonaws.com/data/dragen-3.5.7b/hg38_altaware_nohla-cnv-anchored/HG00338/HG00338.hard-filtered.gvcf.gz	59011092	2992ae25e1eaef116f2de2ccea82f208253f483cd3c9e1fcb94e87a8e6153c74				2837682	chr22	2026-09-27T22:17:28.892573+00:00	Real 1000 Genomes DRAGEN gVCF cohort import benchmark; region extracted without changing records
HG00338_source_index	data/D_genomicsdb/HG00338.source.tbi	download	COMPLETE	https://1000genomes-dragen.s3.us-west-2.amazonaws.com/data/dragen-3.5.7b/hg38_altaware_nohla-cnv-anchored/HG00338/HG00338.hard-filtered.gvcf.gz.tbi	1307349	101e546f449a69b08953ad57e7bc6cc3205677411dfadbdbcf6af642b59ec628						2026-09-27T20:51:25.872555+00:00	Upstream tabix index for chr22 extraction
HG00339	data/D_genomicsdb/HG00339.chr22.g.vcf.gz	download_or_remote_region_extract	COMPLETE	https://1000genomes-dragen.s3.us-west-2.amazonaws.com/data/dragen-3.5.7b/hg38_altaware_nohla-cnv-anchored/HG00339/HG00339.hard-filtered.gvcf.gz	47103557	cac096d825fea0b7132ea5f1f86f2f0e78a07ffce99fde841b49e015f5b1b3dd				2113390	chr22	2026-09-27T22:18:10.819912+00:00	Real 1000 Genomes DRAGEN gVCF cohort import benchmark; region extracted without changing records
HG00339_source_index	data/D_genomicsdb/HG00339.source.tbi	download	COMPLETE	https://1000genomes-dragen.s3.us-west-2.amazonaws.com/data/dragen-3.5.7b/hg38_altaware_nohla-cnv-anchored/HG00339/HG00339.hard-filtered.gvcf.gz.tbi	1309843	4f59feb70f82ddc0ca7c903a7f6d95b0f614e05a24291ad1efcc61e14f0a3f74						2026-09-27T20:51:26.040555+00:00	Upstream tabix index for chr22 extraction
HG00341	data/D_genomicsdb/HG00341.chr22.g.vcf.gz	download_or_remote_region_extract	COMPLETE	https://1000genomes-dragen.s3.us-west-2.amazonaws.com/data/dragen-3.5.7b/hg38_altaware_nohla-cnv-anchored/HG00341/HG00341.hard-filtered.gvcf.gz	56404685	50ea936eaa32385651608bd46e9f1ca03d15a439ac428ac67ce1c9965914bf0e				2788914	chr22	2026-09-27T22:19:42.255923+00:00	Real 1000 Genomes DRAGEN gVCF cohort import benchmark; region extracted without changing records
HG00341_source_index	data/D_genomicsdb/HG00341.source.tbi	download	COMPLETE	https://1000genomes-dragen.s3.us-west-2.amazonaws.com/data/dragen-3.5.7b/hg38_altaware_nohla-cnv-anchored/HG00341/HG00341.hard-filtered.gvcf.gz.tbi	1301671	f69c56b8aa4920fae4411feb2f1b54ffcc357473d16c20dc5bd14780fd63e612						2026-09-27T20:51:28.688555+00:00	Upstream tabix index for chr22 extraction
HG00342	data/D_genomicsdb/HG00342.chr22.g.vcf.gz	download_or_remote_region_extract	COMPLETE	https://1000genomes-dragen.s3.us-west-2.amazonaws.com/data/dragen-3.5.7b/hg38_altaware_nohla-cnv-anchored/HG00342/HG00342.hard-filtered.gvcf.gz	59117806	d947f320d1cf8e9a51f061fc86c1a69e2a2d2e13ad01f3d41ef219d58511f354				2959765	chr22	2026-09-27T22:17:47.111465+00:00	Real 1000 Genomes DRAGEN gVCF cohort import benchmark; region extracted without changing records
HG00342_source_index	data/D_genomicsdb/HG00342.source.tbi	download	COMPLETE	https://1000genomes-dragen.s3.us-west-2.amazonaws.com/data/dragen-3.5.7b/hg38_altaware_nohla-cnv-anchored/HG00342/HG00342.hard-filtered.gvcf.gz.tbi	1305751	d24beb8a590e3c8e80ac32bb57eaa4118687a02454ad748e64116ad44d7fff84						2026-09-27T20:51:27.652555+00:00	Upstream tabix index for chr22 extraction
HG00343	data/D_genomicsdb/HG00343.chr22.g.vcf.gz	download_or_remote_region_extract	COMPLETE	https://1000genomes-dragen.s3.us-west-2.amazonaws.com/data/dragen-3.5.7b/hg38_altaware_nohla-cnv-anchored/HG00343/HG00343.hard-filtered.gvcf.gz	62124855	dca97d4b9f30ec73869576f035b05ba4c3ab2054100b66dc5cef436c78d6b04a				3130249	chr22	2026-09-27T22:18:52.926879+00:00	Real 1000 Genomes DRAGEN gVCF cohort import benchmark; region extracted without changing records
HG00343_source_index	data/D_genomicsdb/HG00343.source.tbi	download	COMPLETE	https://1000genomes-dragen.s3.us-west-2.amazonaws.com/data/dragen-3.5.7b/hg38_altaware_nohla-cnv-anchored/HG00343/HG00343.hard-filtered.gvcf.gz.tbi	1348298	fdf241a727d708e7e63d838816d77745e58fb57046e829d0de7a0bd5fd6b4142						2026-09-27T20:51:30.048556+00:00	Upstream tabix index for chr22 extraction
HG00344	data/D_genomicsdb/HG00344.chr22.g.vcf.gz	download_or_remote_region_extract	COMPLETE	https://1000genomes-dragen.s3.us-west-2.amazonaws.com/data/dragen-3.5.7b/hg38_altaware_nohla-cnv-anchored/HG00344/HG00344.hard-filtered.gvcf.gz	52354792	52eedd350e077b32bc467dc4230ae40e60f51560cf9835a690918b6d3d88b09a				2512649	chr22	2026-09-27T22:20:24.522223+00:00	Real 1000 Genomes DRAGEN gVCF cohort import benchmark; region extracted without changing records
HG00344_source_index	data/D_genomicsdb/HG00344.source.tbi	download	COMPLETE	https://1000genomes-dragen.s3.us-west-2.amazonaws.com/data/dragen-3.5.7b/hg38_altaware_nohla-cnv-anchored/HG00344/HG00344.hard-filtered.gvcf.gz.tbi	1336616	402265f8487c84f3e794e8dce21a5541018429681b7c57876d673fdc9bbd5e80						2026-09-27T20:51:41.624556+00:00	Upstream tabix index for chr22 extraction
HG00345	data/D_genomicsdb/HG00345.chr22.g.vcf.gz	download_or_remote_region_extract	COMPLETE	https://1000genomes-dragen.s3.us-west-2.amazonaws.com/data/dragen-3.5.7b/hg38_altaware_nohla-cnv-anchored/HG00345/HG00345.hard-filtered.gvcf.gz	62639786	0bd41c66a4fe52c7426bb56434fea05f87954ab802764a75535ab8510063a93d				3131010	chr22	2026-09-27T22:19:19.566863+00:00	Real 1000 Genomes DRAGEN gVCF cohort import benchmark; region extracted without changing records
HG00345_source_index	data/D_genomicsdb/HG00345.source.tbi	download	COMPLETE	https://1000genomes-dragen.s3.us-west-2.amazonaws.com/data/dragen-3.5.7b/hg38_altaware_nohla-cnv-anchored/HG00345/HG00345.hard-filtered.gvcf.gz.tbi	1311362	6411b576133935e1b9bd96f7792fb472527d80ef44da85f021e13f8ad9619a56						2026-09-27T20:51:41.656556+00:00	Upstream tabix index for chr22 extraction
HG00346	data/D_genomicsdb/HG00346.chr22.g.vcf.gz	download_or_remote_region_extract	COMPLETE	https://1000genomes-dragen.s3.us-west-2.amazonaws.com/data/dragen-3.5.7b/hg38_altaware_nohla-cnv-anchored/HG00346/HG00346.hard-filtered.gvcf.gz	72701464	345eba6c460f6cc68fc62dd9a94322630942a4aad06a949077654497150c8a02				3750976	chr22	2026-09-27T22:21:11.433666+00:00	Real 1000 Genomes DRAGEN gVCF cohort import benchmark; region extracted without changing records
HG00346_source_index	data/D_genomicsdb/HG00346.source.tbi	download	COMPLETE	https://1000genomes-dragen.s3.us-west-2.amazonaws.com/data/dragen-3.5.7b/hg38_altaware_nohla-cnv-anchored/HG00346/HG00346.hard-filtered.gvcf.gz.tbi	1365719	50eb442404c0900342fa6f2c41a7803a85e3b142d7d546766b0676a1de88af8c						2026-09-27T20:51:32.296556+00:00	Upstream tabix index for chr22 extraction
HG00349	data/D_genomicsdb/HG00349.chr22.g.vcf.gz	download_or_remote_region_extract	COMPLETE	https://1000genomes-dragen.s3.us-west-2.amazonaws.com/data/dragen-3.5.7b/hg38_altaware_nohla-cnv-anchored/HG00349/HG00349.hard-filtered.gvcf.gz	56910641	205a26e9419cb6ff67dce9f97859b63ffb1ec1dbb9e18674a967583172739a9f				2750654	chr22	2026-09-27T22:20:07.385734+00:00	Real 1000 Genomes DRAGEN gVCF cohort import benchmark; region extracted without changing records
HG00349_source_index	data/D_genomicsdb/HG00349.source.tbi	download	COMPLETE	https://1000genomes-dragen.s3.us-west-2.amazonaws.com/data/dragen-3.5.7b/hg38_altaware_nohla-cnv-anchored/HG00349/HG00349.hard-filtered.gvcf.gz.tbi	1344704	f42bf0b21620ecd173accf387133aa6b442b2692cb91e9cb5a5fdf6a9e2cd1ba						2026-09-27T20:51:34.316556+00:00	Upstream tabix index for chr22 extraction
HG00350	data/D_genomicsdb/HG00350.chr22.g.vcf.gz	download_or_remote_region_extract	COMPLETE	https://1000genomes-dragen.s3.us-west-2.amazonaws.com/data/dragen-3.5.7b/hg38_altaware_nohla-cnv-anchored/HG00350/HG00350.hard-filtered.gvcf.gz	33831684	871f288705a735f46e993e03c10de0b716e31c18a86313533c95f9b1e1c8956e				1401384	chr22	2026-09-27T22:21:21.403608+00:00	Real 1000 Genomes DRAGEN gVCF cohort import benchmark; region extracted without changing records
HG00350_source_index	data/D_genomicsdb/HG00350.source.tbi	download	COMPLETE	https://1000genomes-dragen.s3.us-west-2.amazonaws.com/data/dragen-3.5.7b/hg38_altaware_nohla-cnv-anchored/HG00350/HG00350.hard-filtered.gvcf.gz.tbi	1176172	148c12055a16fc4e57f8f9f514346e30e5e2801cbeb3df6d44594fc57f339d51						2026-09-27T20:51:36.048556+00:00	Upstream tabix index for chr22 extraction
HG00351	data/D_genomicsdb/HG00351.chr22.g.vcf.gz	download_or_remote_region_extract	COMPLETE	https://1000genomes-dragen.s3.us-west-2.amazonaws.com/data/dragen-3.5.7b/hg38_altaware_nohla-cnv-anchored/HG00351/HG00351.hard-filtered.gvcf.gz	67077063	0c48c264044ddabae42a29152043c06f44d755e9b9a0dd9b9e9fbd642b1fc219				3495910	chr22	2026-09-27T22:21:00.500200+00:00	Real 1000 Genomes DRAGEN gVCF cohort import benchmark; region extracted without changing records
HG00351_source_index	data/D_genomicsdb/HG00351.source.tbi	download	COMPLETE	https://1000genomes-dragen.s3.us-west-2.amazonaws.com/data/dragen-3.5.7b/hg38_altaware_nohla-cnv-anchored/HG00351/HG00351.hard-filtered.gvcf.gz.tbi	1316075	a02a054045563c7b657ab2c713ee7f8814ac76f55fac24fb05403e4cdea0247b						2026-09-27T20:51:48.364556+00:00	Upstream tabix index for chr22 extraction
HG00353	data/D_genomicsdb/HG00353.chr22.g.vcf.gz	download_or_remote_region_extract	COMPLETE	https://1000genomes-dragen.s3.us-west-2.amazonaws.com/data/dragen-3.5.7b/hg38_altaware_nohla-cnv-anchored/HG00353/HG00353.hard-filtered.gvcf.gz	62292227	29f0aae3186fb3110c2ec04351cb14aef3d0d4011b29e337b10bdf70662acbd1				3162298	chr22	2026-09-27T22:22:48.541962+00:00	Real 1000 Genomes DRAGEN gVCF cohort import benchmark; region extracted without changing records
HG00353_source_index	data/D_genomicsdb/HG00353.source.tbi	download	COMPLETE	https://1000genomes-dragen.s3.us-west-2.amazonaws.com/data/dragen-3.5.7b/hg38_altaware_nohla-cnv-anchored/HG00353/HG00353.hard-filtered.gvcf.gz.tbi	1347971	2d4f99c510af8425174e7739e71c650f16611d97a5e6bd9c055acb97ed508679						2026-09-27T20:51:40.280556+00:00	Upstream tabix index for chr22 extraction
HG00355	data/D_genomicsdb/HG00355.chr22.g.vcf.gz	download_or_remote_region_extract	COMPLETE	https://1000genomes-dragen.s3.us-west-2.amazonaws.com/data/dragen-3.5.7b/hg38_altaware_nohla-cnv-anchored/HG00355/HG00355.hard-filtered.gvcf.gz	31555929	e8ff0af1118f1494ec1f811bcd9bb8be920d05e35d478bd5cc3803f555108001				1284387	chr22	2026-09-27T22:22:33.463948+00:00	Real 1000 Genomes DRAGEN gVCF cohort import benchmark; region extracted without changing records
HG00355_source_index	data/D_genomicsdb/HG00355.source.tbi	download	COMPLETE	https://1000genomes-dragen.s3.us-west-2.amazonaws.com/data/dragen-3.5.7b/hg38_altaware_nohla-cnv-anchored/HG00355/HG00355.hard-filtered.gvcf.gz.tbi	1153582	897d03ec11f5e9e50ab57f0c0b09701bb42575c81ed6907ae737d3059ea8a057						2026-09-27T20:51:43.080556+00:00	Upstream tabix index for chr22 extraction
HG00356	data/D_genomicsdb/HG00356.chr22.g.vcf.gz	download_or_remote_region_extract	COMPLETE	https://1000genomes-dragen.s3.us-west-2.amazonaws.com/data/dragen-3.5.7b/hg38_altaware_nohla-cnv-anchored/HG00356/HG00356.hard-filtered.gvcf.gz	64308635	444fed49b0fdd16761c6dd66b9ea840b531353af3802fa88e2a0155267a1cf0f				3230396	chr22	2026-09-27T22:23:38.775415+00:00	Real 1000 Genomes DRAGEN gVCF cohort import benchmark; region extracted without changing records
HG00356_source_index	data/D_genomicsdb/HG00356.source.tbi	download	COMPLETE	https://1000genomes-dragen.s3.us-west-2.amazonaws.com/data/dragen-3.5.7b/hg38_altaware_nohla-cnv-anchored/HG00356/HG00356.hard-filtered.gvcf.gz.tbi	1354818	47d79efe899e676866ae7da34945a1499de124aab14e07ee2fcd87cad5fb881d						2026-09-27T20:51:43.864556+00:00	Upstream tabix index for chr22 extraction
HG00357	data/D_genomicsdb/HG00357.chr22.g.vcf.gz	download_or_remote_region_extract	COMPLETE	https://1000genomes-dragen.s3.us-west-2.amazonaws.com/data/dragen-3.5.7b/hg38_altaware_nohla-cnv-anchored/HG00357/HG00357.hard-filtered.gvcf.gz	55700002	723893f0ef14a839b025f0d3b70377d623cb8e24e40dcf684efe9f1d12ef5340				2752524	chr22	2026-09-27T22:23:46.147825+00:00	Real 1000 Genomes DRAGEN gVCF cohort import benchmark; region extracted without changing records
HG00357_source_index	data/D_genomicsdb/HG00357.source.tbi	download	COMPLETE	https://1000genomes-dragen.s3.us-west-2.amazonaws.com/data/dragen-3.5.7b/hg38_altaware_nohla-cnv-anchored/HG00357/HG00357.hard-filtered.gvcf.gz.tbi	1343494	ee0b1e13c115a77201375801a0ee28a1fdfc85d48166d558ff7219ced1a7a5aa						2026-09-27T20:51:43.992556+00:00	Upstream tabix index for chr22 extraction
HG00358	data/D_genomicsdb/HG00358.chr22.g.vcf.gz	download_or_remote_region_extract	COMPLETE	https://1000genomes-dragen.s3.us-west-2.amazonaws.com/data/dragen-3.5.7b/hg38_altaware_nohla-cnv-anchored/HG00358/HG00358.hard-filtered.gvcf.gz	55100080	880ba9997063c60f94606a601ffea84bfe71e01bb78b91c43db9eb2a614dabb1				2686461	chr22	2026-09-27T22:25:11.840374+00:00	Real 1000 Genomes DRAGEN gVCF cohort import benchmark; region extracted without changing records
HG00358_source_index	data/D_genomicsdb/HG00358.source.tbi	download	COMPLETE	https://1000genomes-dragen.s3.us-west-2.amazonaws.com/data/dragen-3.5.7b/hg38_altaware_nohla-cnv-anchored/HG00358/HG00358.hard-filtered.gvcf.gz.tbi	1301540	1141f748b2217b14d754be3b13a922823d6ebac76cb751a392f254615ee6581a						2026-09-27T20:51:45.272556+00:00	Upstream tabix index for chr22 extraction
HG00360	data/D_genomicsdb/HG00360.chr22.g.vcf.gz	download_or_remote_region_extract	COMPLETE	https://1000genomes-dragen.s3.us-west-2.amazonaws.com/data/dragen-3.5.7b/hg38_altaware_nohla-cnv-anchored/HG00360/HG00360.hard-filtered.gvcf.gz	60843705	eedd3349f26c4751e4af9cdacff07717208c7bb529d458639d9940c4418c22ad				3043504	chr22	2026-09-27T22:24:34.344199+00:00	Real 1000 Genomes DRAGEN gVCF cohort import benchmark; region extracted without changing records
HG00360_source_index	data/D_genomicsdb/HG00360.source.tbi	download	COMPLETE	https://1000genomes-dragen.s3.us-west-2.amazonaws.com/data/dragen-3.5.7b/hg38_altaware_nohla-cnv-anchored/HG00360/HG00360.hard-filtered.gvcf.gz.tbi	1304854	09d6cd04597001373e33c69bfeb337dd56b4cc85156586cac888ba98f551b7f0						2026-09-27T20:51:46.404556+00:00	Upstream tabix index for chr22 extraction
HG00361	data/D_genomicsdb/HG00361.chr22.g.vcf.gz	download_or_remote_region_extract	COMPLETE	https://1000genomes-dragen.s3.us-west-2.amazonaws.com/data/dragen-3.5.7b/hg38_altaware_nohla-cnv-anchored/HG00361/HG00361.hard-filtered.gvcf.gz	62382983	f01ac6f667e0a08f30634ab501c773f3e5458d59989362cb788d3e8557042fdb				3146623	chr22	2026-09-27T22:25:32.178471+00:00	Real 1000 Genomes DRAGEN gVCF cohort import benchmark; region extracted without changing records
HG00361_source_index	data/D_genomicsdb/HG00361.source.tbi	download	COMPLETE	https://1000genomes-dragen.s3.us-west-2.amazonaws.com/data/dragen-3.5.7b/hg38_altaware_nohla-cnv-anchored/HG00361/HG00361.hard-filtered.gvcf.gz.tbi	1347931	b455477da8b7c829ed8b64b057e266daac8eece77c1f3cd56c78c004b1b1a6cc						2026-09-27T20:51:47.240556+00:00	Upstream tabix index for chr22 extraction
HG00362	data/D_genomicsdb/HG00362.chr22.g.vcf.gz	download_or_remote_region_extract	COMPLETE	https://1000genomes-dragen.s3.us-west-2.amazonaws.com/data/dragen-3.5.7b/hg38_altaware_nohla-cnv-anchored/HG00362/HG00362.hard-filtered.gvcf.gz	54274871	64d0839e8ed43fe152b277137b44ab3b3418b701ca60e3e8228ee6b2fac88636				2644366	chr22	2026-09-27T22:26:56.297586+00:00	Real 1000 Genomes DRAGEN gVCF cohort import benchmark; region extracted without changing records
HG00362_source_index	data/D_genomicsdb/HG00362.source.tbi	download	COMPLETE	https://1000genomes-dragen.s3.us-west-2.amazonaws.com/data/dragen-3.5.7b/hg38_altaware_nohla-cnv-anchored/HG00362/HG00362.hard-filtered.gvcf.gz.tbi	1339379	c1055748c99beb76c6be822d80f7a6d88aa921c1d296ce739a4c746100a6765d						2026-09-27T20:51:47.084556+00:00	Upstream tabix index for chr22 extraction
HG00364	data/D_genomicsdb/HG00364.chr22.g.vcf.gz	download_or_remote_region_extract	COMPLETE	https://1000genomes-dragen.s3.us-west-2.amazonaws.com/data/dragen-3.5.7b/hg38_altaware_nohla-cnv-anchored/HG00364/HG00364.hard-filtered.gvcf.gz	64120149	14492c0584f9937fe93b1c2bca351c9d92e4dec4787d96227d77e539d1c4ba48				3239301	chr22	2026-09-27T22:25:24.551021+00:00	Real 1000 Genomes DRAGEN gVCF cohort import benchmark; region extracted without changing records
HG00364_source_index	data/D_genomicsdb/HG00364.source.tbi	download	COMPLETE	https://1000genomes-dragen.s3.us-west-2.amazonaws.com/data/dragen-3.5.7b/hg38_altaware_nohla-cnv-anchored/HG00364/HG00364.hard-filtered.gvcf.gz.tbi	1356711	23514270bbe709fd7b5bfae540b03c7648bbb68743482bddb51a4a74aceda087						2026-09-27T20:51:59.924556+00:00	Upstream tabix index for chr22 extraction
HG00365	data/D_genomicsdb/HG00365.chr22.g.vcf.gz	download_or_remote_region_extract	COMPLETE	https://1000genomes-dragen.s3.us-west-2.amazonaws.com/data/dragen-3.5.7b/hg38_altaware_nohla-cnv-anchored/HG00365/HG00365.hard-filtered.gvcf.gz	59451954	f43195114c8840b377651800c9556fbe1bd06f5ce3175c6c20642d2dc6804a14				2982784	chr22	2026-09-27T22:28:57.972621+00:00	Real 1000 Genomes DRAGEN gVCF cohort import benchmark; region extracted without changing records
HG00365_source_index	data/D_genomicsdb/HG00365.source.tbi	download	COMPLETE	https://1000genomes-dragen.s3.us-west-2.amazonaws.com/data/dragen-3.5.7b/hg38_altaware_nohla-cnv-anchored/HG00365/HG00365.hard-filtered.gvcf.gz.tbi	1344734	b5cd7e5088ebf47761d7d223042e806bdb38b9a3ec3627e0cef9b83d4d058981						2026-09-27T20:51:49.472556+00:00	Upstream tabix index for chr22 extraction
HG00366	data/D_genomicsdb/HG00366.chr22.g.vcf.gz	download_or_remote_region_extract	COMPLETE	https://1000genomes-dragen.s3.us-west-2.amazonaws.com/data/dragen-3.5.7b/hg38_altaware_nohla-cnv-anchored/HG00366/HG00366.hard-filtered.gvcf.gz	72631266	df6d9eeb485c18ccb579ac8890cd4a898f0f82a9a41da89de690ee7e003b9677				3820636	chr22	2026-09-27T22:29:09.979913+00:00	Real 1000 Genomes DRAGEN gVCF cohort import benchmark; region extracted without changing records
HG00366_source_index	data/D_genomicsdb/HG00366.source.tbi	download	COMPLETE	https://1000genomes-dragen.s3.us-west-2.amazonaws.com/data/dragen-3.5.7b/hg38_altaware_nohla-cnv-anchored/HG00366/HG00366.hard-filtered.gvcf.gz.tbi	1327322	f83870161de9af6afa4e4a944ff793cd32763b3cec35facf1e4c9109fff247c2						2026-09-27T20:51:49.912556+00:00	Upstream tabix index for chr22 extraction
HG00367	data/D_genomicsdb/HG00367.chr22.g.vcf.gz	download_or_remote_region_extract	COMPLETE	https://1000genomes-dragen.s3.us-west-2.amazonaws.com/data/dragen-3.5.7b/hg38_altaware_nohla-cnv-anchored/HG00367/HG00367.hard-filtered.gvcf.gz	75642956	84cef245bbe3c2c777e771faf436ec83478747dd59c30e42e767cd4755654677				3877465	chr22	2026-09-27T22:28:57.805177+00:00	Real 1000 Genomes DRAGEN gVCF cohort import benchmark; region extracted without changing records
HG00367_source_index	data/D_genomicsdb/HG00367.source.tbi	download	COMPLETE	https://1000genomes-dragen.s3.us-west-2.amazonaws.com/data/dragen-3.5.7b/hg38_altaware_nohla-cnv-anchored/HG00367/HG00367.hard-filtered.gvcf.gz.tbi	1371846	ac10f33897c5b76d4b4f014c5074945d4af9ba595f3aa9ffa334a2ea16ef2a51						2026-09-27T20:51:50.788556+00:00	Upstream tabix index for chr22 extraction
HG00368	data/D_genomicsdb/HG00368.chr22.g.vcf.gz	download_or_remote_region_extract	COMPLETE	https://1000genomes-dragen.s3.us-west-2.amazonaws.com/data/dragen-3.5.7b/hg38_altaware_nohla-cnv-anchored/HG00368/HG00368.hard-filtered.gvcf.gz	72140070	e5e550a78ea3c71a183db180dcaa9d53d17fdbc9383cc94d86930b14ecddcabf				3679035	chr22	2026-09-27T22:31:20.783644+00:00	Real 1000 Genomes DRAGEN gVCF cohort import benchmark; region extracted without changing records
HG00368_source_index	data/D_genomicsdb/HG00368.source.tbi	download	COMPLETE	https://1000genomes-dragen.s3.us-west-2.amazonaws.com/data/dragen-3.5.7b/hg38_altaware_nohla-cnv-anchored/HG00368/HG00368.hard-filtered.gvcf.gz.tbi	1364894	3d55e3da1ea7b561ce60fec7172e8d900b0d28e22a436a1a7882aa4efbfcc10e						2026-09-27T20:51:51.372556+00:00	Upstream tabix index for chr22 extraction
HG00369	data/D_genomicsdb/HG00369.chr22.g.vcf.gz	download_or_remote_region_extract	COMPLETE	https://1000genomes-dragen.s3.us-west-2.amazonaws.com/data/dragen-3.5.7b/hg38_altaware_nohla-cnv-anchored/HG00369/HG00369.hard-filtered.gvcf.gz	33688659	f265108f2b7bfac2f34ad3f08bcfec0dc7843750bcd6f449a75286db01339d1f				1410509	chr22	2026-09-27T22:31:27.174616+00:00	Real 1000 Genomes DRAGEN gVCF cohort import benchmark; region extracted without changing records
HG00369_source_index	data/D_genomicsdb/HG00369.source.tbi	download	COMPLETE	https://1000genomes-dragen.s3.us-west-2.amazonaws.com/data/dragen-3.5.7b/hg38_altaware_nohla-cnv-anchored/HG00369/HG00369.hard-filtered.gvcf.gz.tbi	1168744	57217ca5b2a233b68913bd0d136bb63b8a7a7adf14e25badd23c1db0e12aebbb						2026-09-27T20:51:52.396556+00:00	Upstream tabix index for chr22 extraction
HG00371	data/D_genomicsdb/HG00371.chr22.g.vcf.gz	download_or_remote_region_extract	COMPLETE	https://1000genomes-dragen.s3.us-west-2.amazonaws.com/data/dragen-3.5.7b/hg38_altaware_nohla-cnv-anchored/HG00371/HG00371.hard-filtered.gvcf.gz	51722814	4ff3fced5841377d3b823efb844bebb7e195a56dfbf5ccfc7c247b2ea77d32f3				2464518	chr22	2026-09-27T22:32:10.154387+00:00	Real 1000 Genomes DRAGEN gVCF cohort import benchmark; region extracted without changing records
HG00371_source_index	data/D_genomicsdb/HG00371.source.tbi	download	COMPLETE	https://1000genomes-dragen.s3.us-west-2.amazonaws.com/data/dragen-3.5.7b/hg38_altaware_nohla-cnv-anchored/HG00371/HG00371.hard-filtered.gvcf.gz.tbi	1296635	3802a8675d9af47e53a3f108067b77980e6ba63e9ff3cfe7e84a69a73b36d740						2026-09-27T20:51:52.616556+00:00	Upstream tabix index for chr22 extraction
HG00372	data/D_genomicsdb/HG00372.chr22.g.vcf.gz	download_or_remote_region_extract	COMPLETE	https://1000genomes-dragen.s3.us-west-2.amazonaws.com/data/dragen-3.5.7b/hg38_altaware_nohla-cnv-anchored/HG00372/HG00372.hard-filtered.gvcf.gz	58947701	db3fb627c62207208b78d093f44644a8d1911fecc14ad248e3275c6b8f9ed38f				2973168	chr22	2026-09-27T22:33:18.435283+00:00	Real 1000 Genomes DRAGEN gVCF cohort import benchmark; region extracted without changing records
HG00372_source_index	data/D_genomicsdb/HG00372.source.tbi	download	COMPLETE	https://1000genomes-dragen.s3.us-west-2.amazonaws.com/data/dragen-3.5.7b/hg38_altaware_nohla-cnv-anchored/HG00372/HG00372.hard-filtered.gvcf.gz.tbi	1304155	1d8585b581e44335082cbb07dd9f11898d31a17d8446f89ec42d08a3f92d08b3						2026-09-27T20:51:55.536556+00:00	Upstream tabix index for chr22 extraction
HG00373	data/D_genomicsdb/HG00373.chr22.g.vcf.gz	download_or_remote_region_extract	COMPLETE	https://1000genomes-dragen.s3.us-west-2.amazonaws.com/data/dragen-3.5.7b/hg38_altaware_nohla-cnv-anchored/HG00373/HG00373.hard-filtered.gvcf.gz	59775766	a3b3136ffd873d90dd62dc0169b5c1b3a678b120c75dd8111c480beab9be2d69				3027489	chr22	2026-09-27T22:38:35.969650+00:00	Real 1000 Genomes DRAGEN gVCF cohort import benchmark; region extracted without changing records
HG00373_source_index	data/D_genomicsdb/HG00373.source.tbi	download	COMPLETE	https://1000genomes-dragen.s3.us-west-2.amazonaws.com/data/dragen-3.5.7b/hg38_altaware_nohla-cnv-anchored/HG00373/HG00373.hard-filtered.gvcf.gz.tbi	1345546	f13b2a97470752a8bd05323bf3a915fe7d38cad13bf09a2bb275001c4968f8e4						2026-09-27T20:51:55.712556+00:00	Upstream tabix index for chr22 extraction
HG00375	data/D_genomicsdb/HG00375.chr22.g.vcf.gz	download_or_remote_region_extract	COMPLETE	https://1000genomes-dragen.s3.us-west-2.amazonaws.com/data/dragen-3.5.7b/hg38_altaware_nohla-cnv-anchored/HG00375/HG00375.hard-filtered.gvcf.gz	57739200	b7184d26ab364bbd10f0fc5ca452d91d852380e42359508592cbb2e289843ee5				2787240	chr22	2026-09-27T22:36:56.111182+00:00	Real 1000 Genomes DRAGEN gVCF cohort import benchmark; region extracted without changing records
HG00375_source_index	data/D_genomicsdb/HG00375.source.tbi	download	COMPLETE	https://1000genomes-dragen.s3.us-west-2.amazonaws.com/data/dragen-3.5.7b/hg38_altaware_nohla-cnv-anchored/HG00375/HG00375.hard-filtered.gvcf.gz.tbi	1306282	91f8fd89404fb5bde0e2d46a013417025e2df4d1640b16fee4f7017e37c85d28						2026-09-27T20:51:54.552556+00:00	Upstream tabix index for chr22 extraction
HG00376	data/D_genomicsdb/HG00376.chr22.g.vcf.gz	download_or_remote_region_extract	COMPLETE	https://1000genomes-dragen.s3.us-west-2.amazonaws.com/data/dragen-3.5.7b/hg38_altaware_nohla-cnv-anchored/HG00376/HG00376.hard-filtered.gvcf.gz	55620756	aff45e107699fe82c691e4d7daf39293cc664dee66287d0a8dcda9ad6f060e83				2735502	chr22	2026-09-27T22:34:41.412218+00:00	Real 1000 Genomes DRAGEN gVCF cohort import benchmark; region extracted without changing records
HG00376_source_index	data/D_genomicsdb/HG00376.source.tbi	download	COMPLETE	https://1000genomes-dragen.s3.us-west-2.amazonaws.com/data/dragen-3.5.7b/hg38_altaware_nohla-cnv-anchored/HG00376/HG00376.hard-filtered.gvcf.gz.tbi	1339692	8a495845abd7f787dd8784e50a6220eebd7ee82839b166f0689d55b913d5ce4f						2026-09-27T20:51:56.332556+00:00	Upstream tabix index for chr22 extraction
HG00378	data/D_genomicsdb/HG00378.chr22.g.vcf.gz	download_or_remote_region_extract	COMPLETE	https://1000genomes-dragen.s3.us-west-2.amazonaws.com/data/dragen-3.5.7b/hg38_altaware_nohla-cnv-anchored/HG00378/HG00378.hard-filtered.gvcf.gz	58500111	ed58b46cfd3b5124bfcc204c6ec0b0900f2261a3366717d6c59577264d25edf4				2855169	chr22	2026-09-27T22:38:46.751770+00:00	Real 1000 Genomes DRAGEN gVCF cohort import benchmark; region extracted without changing records
HG00378_source_index	data/D_genomicsdb/HG00378.source.tbi	download	COMPLETE	https://1000genomes-dragen.s3.us-west-2.amazonaws.com/data/dragen-3.5.7b/hg38_altaware_nohla-cnv-anchored/HG00378/HG00378.hard-filtered.gvcf.gz.tbi	1346320	e5bd70d75b8aeb8ab3c7b998307d688c86c1fba82b2808917f8ad4ba8df01427						2026-09-27T20:52:08.812555+00:00	Upstream tabix index for chr22 extraction
HG00379	data/D_genomicsdb/HG00379.chr22.g.vcf.gz	download_or_remote_region_extract	COMPLETE	https://1000genomes-dragen.s3.us-west-2.amazonaws.com/data/dragen-3.5.7b/hg38_altaware_nohla-cnv-anchored/HG00379/HG00379.hard-filtered.gvcf.gz	53971788	6b86a6ca627764abc00dd114dbb6723e1255070f1bd891bae9f8640408a6e311				2622908	chr22	2026-09-27T22:38:32.180073+00:00	Real 1000 Genomes DRAGEN gVCF cohort import benchmark; region extracted without changing records
HG00379_source_index	data/D_genomicsdb/HG00379.source.tbi	download	COMPLETE	https://1000genomes-dragen.s3.us-west-2.amazonaws.com/data/dragen-3.5.7b/hg38_altaware_nohla-cnv-anchored/HG00379/HG00379.hard-filtered.gvcf.gz.tbi	1339114	c1c402ac7de113abb307f44a34f92c1d5ab287615b88dccc19ef3a9d5a54d5fd						2026-09-27T20:51:57.572556+00:00	Upstream tabix index for chr22 extraction
HG00380	data/D_genomicsdb/HG00380.chr22.g.vcf.gz	download_or_remote_region_extract	COMPLETE	https://1000genomes-dragen.s3.us-west-2.amazonaws.com/data/dragen-3.5.7b/hg38_altaware_nohla-cnv-anchored/HG00380/HG00380.hard-filtered.gvcf.gz	52871831	0b8df1d64df75fad6f2106f2bfa44962b0a37a268d480e83809d98f9a8c86245				2551781	chr22	2026-09-27T22:42:43.219713+00:00	Real 1000 Genomes DRAGEN gVCF cohort import benchmark; region extracted without changing records
HG00380_source_index	data/D_genomicsdb/HG00380.source.tbi	download	COMPLETE	https://1000genomes-dragen.s3.us-west-2.amazonaws.com/data/dragen-3.5.7b/hg38_altaware_nohla-cnv-anchored/HG00380/HG00380.hard-filtered.gvcf.gz.tbi	1339173	6025aa4b63bee374cfdc41ff82fea3740e298fde4335ea4a3d8fe89f7412bb35						2026-09-27T20:52:01.556556+00:00	Upstream tabix index for chr22 extraction
HG00381	data/D_genomicsdb/HG00381.chr22.g.vcf.gz	download_or_remote_region_extract	COMPLETE	https://1000genomes-dragen.s3.us-west-2.amazonaws.com/data/dragen-3.5.7b/hg38_altaware_nohla-cnv-anchored/HG00381/HG00381.hard-filtered.gvcf.gz	54643828	383ec91da4c242626d32863a03472b9d5d05f8d5d553a7004578e707deb364d2				2658368	chr22	2026-09-27T22:42:58.721396+00:00	Real 1000 Genomes DRAGEN gVCF cohort import benchmark; region extracted without changing records
HG00381_source_index	data/D_genomicsdb/HG00381.source.tbi	download	COMPLETE	https://1000genomes-dragen.s3.us-west-2.amazonaws.com/data/dragen-3.5.7b/hg38_altaware_nohla-cnv-anchored/HG00381/HG00381.hard-filtered.gvcf.gz.tbi	1339593	8b6cb6083e7ff50be54bc2558d9e85776a0ca3a44e2faac095f5eef29cb94af8						2026-09-27T20:51:59.496556+00:00	Upstream tabix index for chr22 extraction
HG00382	data/D_genomicsdb/HG00382.chr22.g.vcf.gz	download_or_remote_region_extract	COMPLETE	https://1000genomes-dragen.s3.us-west-2.amazonaws.com/data/dragen-3.5.7b/hg38_altaware_nohla-cnv-anchored/HG00382/HG00382.hard-filtered.gvcf.gz	57240196	dac313c91a2097017bf9fb7a1aba834f9ff8f6062629ababe06185c95fe5437d				2876324	chr22	2026-09-27T22:41:08.380858+00:00	Real 1000 Genomes DRAGEN gVCF cohort import benchmark; region extracted without changing records
HG00382_source_index	data/D_genomicsdb/HG00382.source.tbi	download	COMPLETE	https://1000genomes-dragen.s3.us-west-2.amazonaws.com/data/dragen-3.5.7b/hg38_altaware_nohla-cnv-anchored/HG00382/HG00382.hard-filtered.gvcf.gz.tbi	1302789	b196217b5038cf1deab0533b55c42653bed25be64d2bbe3ac73d2af83619b659						2026-09-27T20:52:01.292555+00:00	Upstream tabix index for chr22 extraction
HG00383	data/D_genomicsdb/HG00383.chr22.g.vcf.gz	download_or_remote_region_extract	COMPLETE	https://1000genomes-dragen.s3.us-west-2.amazonaws.com/data/dragen-3.5.7b/hg38_altaware_nohla-cnv-anchored/HG00383/HG00383.hard-filtered.gvcf.gz	57438729	d7f8b7a63fe4e91eb8ea7d52ef197fa98cd1cf1bc3e66cb4b8a8f7b399023406				2830613	chr22	2026-09-27T22:44:23.141674+00:00	Real 1000 Genomes DRAGEN gVCF cohort import benchmark; region extracted without changing records
HG00383_source_index	data/D_genomicsdb/HG00383.source.tbi	download	COMPLETE	https://1000genomes-dragen.s3.us-west-2.amazonaws.com/data/dragen-3.5.7b/hg38_altaware_nohla-cnv-anchored/HG00383/HG00383.hard-filtered.gvcf.gz.tbi	1347837	b336d92ff1e72d9ddf247ed41ba62248211c3b68d9e8082427f3fdffd095110b						2026-09-27T20:52:02.564555+00:00	Upstream tabix index for chr22 extraction
HG00384	data/D_genomicsdb/HG00384.chr22.g.vcf.gz	download_or_remote_region_extract	COMPLETE	https://1000genomes-dragen.s3.us-west-2.amazonaws.com/data/dragen-3.5.7b/hg38_altaware_nohla-cnv-anchored/HG00384/HG00384.hard-filtered.gvcf.gz	58128441	47ee82759d99f57e33d018a80a8093d83b056242942fa90af01594c6652f9661				2869139	chr22	2026-09-27T22:43:47.501991+00:00	Real 1000 Genomes DRAGEN gVCF cohort import benchmark; region extracted without changing records
HG00384_source_index	data/D_genomicsdb/HG00384.source.tbi	download	COMPLETE	https://1000genomes-dragen.s3.us-west-2.amazonaws.com/data/dragen-3.5.7b/hg38_altaware_nohla-cnv-anchored/HG00384/HG00384.hard-filtered.gvcf.gz.tbi	1347271	fcdd1423761e12af403824d7d5d9ca117e8ff0d18f152102d6dba843456bf127						2026-09-27T20:52:04.868555+00:00	Upstream tabix index for chr22 extraction
HG00403	data/D_genomicsdb/HG00403.chr22.g.vcf.gz	download_or_remote_region_extract	COMPLETE	https://1000genomes-dragen.s3.us-west-2.amazonaws.com/data/dragen-3.5.7b/hg38_altaware_nohla-cnv-anchored/HG00403/HG00403.hard-filtered.gvcf.gz	60688658	166e8abdb82ab13f360b8f6668f2412ac0a2d498650fd1c71e5b8108f4484e0c				3060149	chr22	2026-09-27T22:51:45.315594+00:00	Real 1000 Genomes DRAGEN gVCF cohort import benchmark; region extracted without changing records
HG00403_source_index	data/D_genomicsdb/HG00403.source.tbi	download	COMPLETE	https://1000genomes-dragen.s3.us-west-2.amazonaws.com/data/dragen-3.5.7b/hg38_altaware_nohla-cnv-anchored/HG00403/HG00403.hard-filtered.gvcf.gz.tbi	1306835	b03f7135353c2b193915a595ca660ea15c1ca7e6dd88138d38f8a51f435277be						2026-09-27T20:52:04.000555+00:00	Upstream tabix index for chr22 extraction
HG00404	data/D_genomicsdb/HG00404.chr22.g.vcf.gz	download_or_remote_region_extract	COMPLETE	https://1000genomes-dragen.s3.us-west-2.amazonaws.com/data/dragen-3.5.7b/hg38_altaware_nohla-cnv-anchored/HG00404/HG00404.hard-filtered.gvcf.gz	63286174	eda288444c0ef2074578d56443bc67cb486130a4ed26843abbed5f60258193ca				3272713	chr22	2026-09-27T22:52:21.004686+00:00	Real 1000 Genomes DRAGEN gVCF cohort import benchmark; region extracted without changing records
HG00404_source_index	data/D_genomicsdb/HG00404.source.tbi	download	COMPLETE	https://1000genomes-dragen.s3.us-west-2.amazonaws.com/data/dragen-3.5.7b/hg38_altaware_nohla-cnv-anchored/HG00404/HG00404.hard-filtered.gvcf.gz.tbi	1351589	9f90bff3ad2933d69dd3ade1cf60961e002e20e25221a13f4cdb9f81563316af						2026-09-27T20:52:04.552555+00:00	Upstream tabix index for chr22 extraction
HG00406	data/D_genomicsdb/HG00406.chr22.g.vcf.gz	download_or_remote_region_extract	COMPLETE	https://1000genomes-dragen.s3.us-west-2.amazonaws.com/data/dragen-3.5.7b/hg38_altaware_nohla-cnv-anchored/HG00406/HG00406.hard-filtered.gvcf.gz	59978797	37711f7487a83ffaae0e972d40f3c18e51da61a37011a75a5fdc1e8fc8aed058				3002523	chr22	2026-09-27T22:48:22.023937+00:00	Real 1000 Genomes DRAGEN gVCF cohort import benchmark; region extracted without changing records
HG00406_source_index	data/D_genomicsdb/HG00406.source.tbi	download	COMPLETE	https://1000genomes-dragen.s3.us-west-2.amazonaws.com/data/dragen-3.5.7b/hg38_altaware_nohla-cnv-anchored/HG00406/HG00406.hard-filtered.gvcf.gz.tbi	1303477	59b074c252d9c17e57f7930a97a69a1d0f6d544a3e8e753b4c8c0f38a9fd6bf6						2026-09-27T20:52:05.964555+00:00	Upstream tabix index for chr22 extraction
HG00407	data/D_genomicsdb/HG00407.chr22.g.vcf.gz	download_or_remote_region_extract	COMPLETE	https://1000genomes-dragen.s3.us-west-2.amazonaws.com/data/dragen-3.5.7b/hg38_altaware_nohla-cnv-anchored/HG00407/HG00407.hard-filtered.gvcf.gz	53591960	8b839eb3be732e7de30440548922e710a4123b9d9cd256dccdff73b37ec61764				2594952	chr22	2026-09-27T22:46:47.517221+00:00	Real 1000 Genomes DRAGEN gVCF cohort import benchmark; region extracted without changing records
HG00407_source_index	data/D_genomicsdb/HG00407.source.tbi	download	COMPLETE	https://1000genomes-dragen.s3.us-west-2.amazonaws.com/data/dragen-3.5.7b/hg38_altaware_nohla-cnv-anchored/HG00407/HG00407.hard-filtered.gvcf.gz.tbi	1339327	ef9f69d430aac1d67d018e1ca4a4800b0b20f02a73c3379e293267a861526e82						2026-09-27T20:52:17.856554+00:00	Upstream tabix index for chr22 extraction
HG00409	data/D_genomicsdb/HG00409.chr22.g.vcf.gz	download_or_remote_region_extract	COMPLETE	https://1000genomes-dragen.s3.us-west-2.amazonaws.com/data/dragen-3.5.7b/hg38_altaware_nohla-cnv-anchored/HG00409/HG00409.hard-filtered.gvcf.gz	73283640	0fc1d7b50032e8e76f332783dc1a9a829d7ac7e5bfd21cbd13ae611edce23791				3831099	chr22	2026-09-27T22:51:57.614718+00:00	Real 1000 Genomes DRAGEN gVCF cohort import benchmark; region extracted without changing records
HG00409_source_index	data/D_genomicsdb/HG00409.source.tbi	download	COMPLETE	https://1000genomes-dragen.s3.us-west-2.amazonaws.com/data/dragen-3.5.7b/hg38_altaware_nohla-cnv-anchored/HG00409/HG00409.hard-filtered.gvcf.gz.tbi	1331240	05853310e8263d98a6e3ae6978260ff34ec653a64b4883192f090b64f94e16e9						2026-09-27T20:52:09.816555+00:00	Upstream tabix index for chr22 extraction
HG00410	data/D_genomicsdb/HG00410.chr22.g.vcf.gz	download_or_remote_region_extract	COMPLETE	https://1000genomes-dragen.s3.us-west-2.amazonaws.com/data/dragen-3.5.7b/hg38_altaware_nohla-cnv-anchored/HG00410/HG00410.hard-filtered.gvcf.gz	59441596	f9c56e1a71a5d76b82993c32c539a4970f808c28b632019d0eea5c01e1568842				2951765	chr22	2026-09-27T22:52:55.956628+00:00	Real 1000 Genomes DRAGEN gVCF cohort import benchmark; region extracted without changing records
HG00410_source_index	data/D_genomicsdb/HG00410.source.tbi	download	COMPLETE	https://1000genomes-dragen.s3.us-west-2.amazonaws.com/data/dragen-3.5.7b/hg38_altaware_nohla-cnv-anchored/HG00410/HG00410.hard-filtered.gvcf.gz.tbi	1348447	b78a1e8e79abc41f1a627c13258d3f1e0cd0b2a6515fa87f4d00ec2f068ad269						2026-09-27T20:52:09.604555+00:00	Upstream tabix index for chr22 extraction
HG00419	data/D_genomicsdb/HG00419.chr22.g.vcf.gz	download_or_remote_region_extract	COMPLETE	https://1000genomes-dragen.s3.us-west-2.amazonaws.com/data/dragen-3.5.7b/hg38_altaware_nohla-cnv-anchored/HG00419/HG00419.hard-filtered.gvcf.gz	62254107	9ec5e14cc807884e71974646c1eca1463699e5f0506af7a3d79c9a3fefe919d9				3114401	chr22	2026-09-28T11:16:42.106717+00:00	Real 1000 Genomes DRAGEN gVCF cohort import benchmark; region extracted without changing records
HG00419_source_index	data/D_genomicsdb/HG00419.source.tbi	download	COMPLETE	https://1000genomes-dragen.s3.us-west-2.amazonaws.com/data/dragen-3.5.7b/hg38_altaware_nohla-cnv-anchored/HG00419/HG00419.hard-filtered.gvcf.gz.tbi	1351457	45628915e8e3f0618706c7f55f21a55e3664983ddbdf90fb14743be54ec5759f						2026-09-27T20:52:11.340555+00:00	Upstream tabix index for chr22 extraction
HG00421	data/D_genomicsdb/HG00421.chr22.g.vcf.gz	download_or_remote_region_extract	COMPLETE	https://1000genomes-dragen.s3.us-west-2.amazonaws.com/data/dragen-3.5.7b/hg38_altaware_nohla-cnv-anchored/HG00421/HG00421.hard-filtered.gvcf.gz	53845268	0c8ca7109240d5074fec64930f492d98e68361163e60691bfe1ab03c746764f0				2602300	chr22	2026-09-27T22:54:23.118588+00:00	Real 1000 Genomes DRAGEN gVCF cohort import benchmark; region extracted without changing records
HG00421_source_index	data/D_genomicsdb/HG00421.source.tbi	download	COMPLETE	https://1000genomes-dragen.s3.us-west-2.amazonaws.com/data/dragen-3.5.7b/hg38_altaware_nohla-cnv-anchored/HG00421/HG00421.hard-filtered.gvcf.gz.tbi	1298954	aed9a042407b7a400af8ee7fb50c303a01f31adbefd0f92dfbb70a885b98865a						2026-09-27T20:52:11.868555+00:00	Upstream tabix index for chr22 extraction
HG00422	data/D_genomicsdb/HG00422.chr22.g.vcf.gz	download_or_remote_region_extract	COMPLETE	https://1000genomes-dragen.s3.us-west-2.amazonaws.com/data/dragen-3.5.7b/hg38_altaware_nohla-cnv-anchored/HG00422/HG00422.hard-filtered.gvcf.gz	61478946	d4ac66d55bee458c245f1d10f4c1a0b09d343098b0e13257182708a322440421				2988184	chr22	2026-09-28T11:16:44.483475+00:00	Real 1000 Genomes DRAGEN gVCF cohort import benchmark; region extracted without changing records
HG00422_source_index	data/D_genomicsdb/HG00422.source.tbi	download	COMPLETE	https://1000genomes-dragen.s3.us-west-2.amazonaws.com/data/dragen-3.5.7b/hg38_altaware_nohla-cnv-anchored/HG00422/HG00422.hard-filtered.gvcf.gz.tbi	1350295	7494b7139102657e93c72eeb5cc1b2ee5743c1d58cbdb506dd8276acc5b6ac11						2026-09-27T20:52:11.980555+00:00	Upstream tabix index for chr22 extraction
HG00428	data/D_genomicsdb/HG00428.chr22.g.vcf.gz	download_or_remote_region_extract	COMPLETE	https://1000genomes-dragen.s3.us-west-2.amazonaws.com/data/dragen-3.5.7b/hg38_altaware_nohla-cnv-anchored/HG00428/HG00428.hard-filtered.gvcf.gz	74124649	1c15981cd181ac189cfa3d63a123e0e4e5e75bb3f3d3a03a2f1db3eed4889c4d				3790346	chr22	2026-09-28T11:16:02.713207+00:00	Real 1000 Genomes DRAGEN gVCF cohort import benchmark; region extracted without changing records
HG00428_source_index	data/D_genomicsdb/HG00428.source.tbi	download	COMPLETE	https://1000genomes-dragen.s3.us-west-2.amazonaws.com/data/dragen-3.5.7b/hg38_altaware_nohla-cnv-anchored/HG00428/HG00428.hard-filtered.gvcf.gz.tbi	1373110	127a99ea4bca5722394d2e05ca5c7c39d243ddad1637c4c9790f25257dfb5add						2026-09-27T20:52:13.368554+00:00	Upstream tabix index for chr22 extraction
HG00436	data/D_genomicsdb/HG00436.chr22.g.vcf.gz	download_or_remote_region_extract	COMPLETE	https://1000genomes-dragen.s3.us-west-2.amazonaws.com/data/dragen-3.5.7b/hg38_altaware_nohla-cnv-anchored/HG00436/HG00436.hard-filtered.gvcf.gz	61096289	779ed72ace1a204613503464bca99503b5b45d5ce3ce4f7e44f8e723765c1369				3108266	chr22	2026-09-28T11:16:57.427260+00:00	Real 1000 Genomes DRAGEN gVCF cohort import benchmark; region extracted without changing records
HG00436_source_index	data/D_genomicsdb/HG00436.source.tbi	download	COMPLETE	https://1000genomes-dragen.s3.us-west-2.amazonaws.com/data/dragen-3.5.7b/hg38_altaware_nohla-cnv-anchored/HG00436/HG00436.hard-filtered.gvcf.gz.tbi	1308191	ab32dbece2baa8252c6c23906c6b41cf6e364fb4f67f149b56988c84b838d73e						2026-09-27T20:52:16.288554+00:00	Upstream tabix index for chr22 extraction
HG00437	data/D_genomicsdb/HG00437.chr22.g.vcf.gz	download_or_remote_region_extract	COMPLETE	https://1000genomes-dragen.s3.us-west-2.amazonaws.com/data/dragen-3.5.7b/hg38_altaware_nohla-cnv-anchored/HG00437/HG00437.hard-filtered.gvcf.gz	64896420	8c7fd53f24742d03ee134a3e21397f73a417b918020101c1f672bd41438ee871				3317141	chr22	2026-09-28T11:17:31.744900+00:00	Real 1000 Genomes DRAGEN gVCF cohort import benchmark; region extracted without changing records
HG00437_source_index	data/D_genomicsdb/HG00437.source.tbi	download	COMPLETE	https://1000genomes-dragen.s3.us-west-2.amazonaws.com/data/dragen-3.5.7b/hg38_altaware_nohla-cnv-anchored/HG00437/HG00437.hard-filtered.gvcf.gz.tbi	1351634	ce2895d300f76a8dddca1a736ff35d3ce1afc8972d737859ee97ba6129d9d5f9						2026-09-27T20:52:13.876554+00:00	Upstream tabix index for chr22 extraction
HG00442	data/D_genomicsdb/HG00442.chr22.g.vcf.gz	download_or_remote_region_extract	COMPLETE	https://1000genomes-dragen.s3.us-west-2.amazonaws.com/data/dragen-3.5.7b/hg38_altaware_nohla-cnv-anchored/HG00442/HG00442.hard-filtered.gvcf.gz	52051167	72e2ac39505656b981011675bc0337f4effa235be4c1c2899f64ff2bd816d5e7				2510223	chr22	2026-09-28T11:18:43.157400+00:00	Real 1000 Genomes DRAGEN gVCF cohort import benchmark; region extracted without changing records
HG00442_source_index	data/D_genomicsdb/HG00442.source.tbi	download	COMPLETE	https://1000genomes-dragen.s3.us-west-2.amazonaws.com/data/dragen-3.5.7b/hg38_altaware_nohla-cnv-anchored/HG00442/HG00442.hard-filtered.gvcf.gz.tbi	1293222	b450c2d7bc1ad91b42e710eb5e91997aa471ea0bc7bffe9a8eaef1ca8943baac						2026-09-27T20:52:15.236554+00:00	Upstream tabix index for chr22 extraction
HG00443	data/D_genomicsdb/HG00443.chr22.g.vcf.gz	download_or_remote_region_extract	COMPLETE	https://1000genomes-dragen.s3.us-west-2.amazonaws.com/data/dragen-3.5.7b/hg38_altaware_nohla-cnv-anchored/HG00443/HG00443.hard-filtered.gvcf.gz	52235727	a658385f10bab4684c6cba06ce192a9825f3d2d90a7b8fb2f1425c382e6b0b29				2493662	chr22	2026-09-28T11:18:48.160505+00:00	Real 1000 Genomes DRAGEN gVCF cohort import benchmark; region extracted without changing records
HG00443_source_index	data/D_genomicsdb/HG00443.source.tbi	download	COMPLETE	https://1000genomes-dragen.s3.us-west-2.amazonaws.com/data/dragen-3.5.7b/hg38_altaware_nohla-cnv-anchored/HG00443/HG00443.hard-filtered.gvcf.gz.tbi	1335470	f553416ca8f724a8a09288586eeead6216d98d9086277d083379ef14a33a6840						2026-09-27T20:52:18.608554+00:00	Upstream tabix index for chr22 extraction
HG00445	data/D_genomicsdb/HG00445.chr22.g.vcf.gz	download_or_remote_region_extract	COMPLETE	https://1000genomes-dragen.s3.us-west-2.amazonaws.com/data/dragen-3.5.7b/hg38_altaware_nohla-cnv-anchored/HG00445/HG00445.hard-filtered.gvcf.gz	51388969	388f7495d58cf011e0a8790ab9774e929f30db5e4322564897669f704cc95c93				2394585	chr22	2026-09-28T11:18:51.193646+00:00	Real 1000 Genomes DRAGEN gVCF cohort import benchmark; region extracted without changing records
HG00445_source_index	data/D_genomicsdb/HG00445.source.tbi	download	COMPLETE	https://1000genomes-dragen.s3.us-west-2.amazonaws.com/data/dragen-3.5.7b/hg38_altaware_nohla-cnv-anchored/HG00445/HG00445.hard-filtered.gvcf.gz.tbi	1295195	36ad49d5cd310b1bb8101c9c5d580478384f2d525d1f619c1815428def1ad211						2026-09-27T20:52:16.964554+00:00	Upstream tabix index for chr22 extraction
